2026-06-23T00:03:28.256-04:00  INFO 18172 --- [ms-ejercicios] [main] g.ms_entrenador.MsEntrenadorApplication  : Starting MsEntrenadorApplication using Java 25.0.3 with PID 18172 (E:\proyectos\examen3\ms-entrenador\target\classes started by Usuario in E:\proyectos\examen3)
2026-06-23T00:03:28.259-04:00  INFO 18172 --- [ms-ejercicios] [main] g.ms_entrenador.MsEntrenadorApplication  : The following 1 profile is active: "dev"
2026-06-23T00:03:28.883-04:00  INFO 18172 --- [ms-ejercicios] [main] .s.d.r.c.RepositoryConfigurationDelegate : Bootstrapping Spring Data JPA repositories in DEFAULT mode.
2026-06-23T00:03:28.990-04:00  INFO 18172 --- [ms-ejercicios] [main] .s.d.r.c.RepositoryConfigurationDelegate : Finished Spring Data repository scanning in 102 ms. Found 1 JPA repository interface.
2026-06-23T00:03:29.152-04:00  INFO 18172 --- [ms-ejercicios] [main] o.s.cloud.context.scope.GenericScope     : BeanFactory id=bfe2c135-9af6-375e-8f3b-fc745d618a49
2026-06-23T00:03:29.388-04:00  INFO 18172 --- [ms-ejercicios] [main] o.s.boot.tomcat.TomcatWebServer          : Tomcat initialized with port 8082 (http)
2026-06-23T00:03:29.397-04:00  INFO 18172 --- [ms-ejercicios] [main] o.apache.catalina.core.StandardService   : Starting service [Tomcat]
2026-06-23T00:03:29.397-04:00  INFO 18172 --- [ms-ejercicios] [main] o.apache.catalina.core.StandardEngine    : Starting Servlet engine: [Apache Tomcat/11.0.21]
2026-06-23T00:03:29.444-04:00  INFO 18172 --- [ms-ejercicios] [main] b.w.c.s.WebApplicationContextInitializer : Root WebApplicationContext: initialization completed in 1150 ms
2026-06-23T00:03:29.558-04:00  INFO 18172 --- [ms-ejercicios] [main] org.hibernate.orm.jpa                    : HHH008540: Processing PersistenceUnitInfo [name: default]
2026-06-23T00:03:29.593-04:00  INFO 18172 --- [ms-ejercicios] [main] org.hibernate.orm.core                   : HHH000001: Hibernate ORM core version 7.2.12.Final
2026-06-23T00:03:29.913-04:00  INFO 18172 --- [ms-ejercicios] [main] o.s.o.j.p.SpringPersistenceUnitInfo      : No LoadTimeWeaver setup: ignoring JPA class transformer
2026-06-23T00:03:29.935-04:00  INFO 18172 --- [ms-ejercicios] [main] com.zaxxer.hikari.HikariDataSource       : HikariPool-1 - Starting...
2026-06-23T00:03:30.050-04:00  INFO 18172 --- [ms-ejercicios] [main] com.zaxxer.hikari.pool.HikariPool        : HikariPool-1 - Added connection com.mysql.cj.jdbc.ConnectionImpl@49353d43
2026-06-23T00:03:30.051-04:00  INFO 18172 --- [ms-ejercicios] [main] com.zaxxer.hikari.HikariDataSource       : HikariPool-1 - Start completed.
2026-06-23T00:03:30.105-04:00  INFO 18172 --- [ms-ejercicios] [main] org.hibernate.orm.connections.pooling    : HHH10001005: Database info:
	Database JDBC URL [jdbc:mysql://localhost:3306/db_ejercicio?useSSL=false&createDatabaseIfNotExist=true&serverTimezone=UTC]
	Database driver: MySQL Connector/J
	Database dialect: MySQLDialect
	Database version: 9.7.1
	Default catalog/schema: db_ejercicio/undefined
	Autocommit mode: undefined/unknown
	Isolation level: REPEATABLE_READ [default REPEATABLE_READ]
	JDBC fetch size: none
	Pool: DataSourceConnectionProvider
	Minimum pool size: undefined/unknown
	Maximum pool size: undefined/unknown
2026-06-23T00:03:30.655-04:00  INFO 18172 --- [ms-ejercicios] [main] org.hibernate.orm.core                   : HHH000489: No JTA platform available (set 'hibernate.transaction.jta.platform' to enable JTA platform integration)
2026-06-23T00:03:30.695-04:00 DEBUG 18172 --- [ms-ejercicios] [main] org.hibernate.SQL                        : create table entrenador (id integer not null auto_increment, edad integer not null, especialidad varchar(255), genero varchar(1), nombre varchar(255), primary key (id)) engine=InnoDB
2026-06-23T00:03:30.786-04:00  INFO 18172 --- [ms-ejercicios] [main] j.LocalContainerEntityManagerFactoryBean : Initialized JPA EntityManagerFactory for persistence unit 'default'
2026-06-23T00:03:30.843-04:00  INFO 18172 --- [ms-ejercicios] [main] o.s.d.j.r.query.QueryEnhancerFactories   : Hibernate is in classpath; If applicable, HQL parser will be used.
2026-06-23T00:03:30.960-04:00  WARN 18172 --- [ms-ejercicios] [main] JpaBaseConfiguration$JpaWebConfiguration : spring.jpa.open-in-view is enabled by default. Therefore, database queries may be performed during view rendering. Explicitly configure spring.jpa.open-in-view to disable this warning
2026-06-23T00:03:30.993-04:00  INFO 18172 --- [ms-ejercicios] [main] o.s.v.b.OptionalValidatorFactoryBean     : Failed to set up a Bean Validation provider: jakarta.validation.NoProviderFoundException: Unable to create a Configuration, because no Jakarta Validation provider could be found. Add a provider like Hibernate Validator (RI) to your classpath.
2026-06-23T00:03:31.329-04:00  INFO 18172 --- [ms-ejercicios] [main] DiscoveryClientOptionalArgsConfiguration : Eureka HTTP Client uses RestClient.
2026-06-23T00:03:31.357-04:00  WARN 18172 --- [ms-ejercicios] [main] iguration$LoadBalancerCaffeineWarnLogger : Spring Cloud LoadBalancer is currently working with the default cache. While this cache implementation is useful for development and tests, it's recommended to use Caffeine cache in production.You can switch to using Caffeine cache, by adding it and org.springframework.cache.caffeine.CaffeineCacheManager to the classpath.
2026-06-23T00:03:31.408-04:00  INFO 18172 --- [ms-ejercicios] [main] o.s.c.n.eureka.InstanceInfoFactory       : Setting initial instance status as: STARTING
2026-06-23T00:03:31.424-04:00  INFO 18172 --- [ms-ejercicios] [main] com.netflix.discovery.DiscoveryClient    : Initializing Eureka in region us-east-1
2026-06-23T00:03:31.427-04:00  INFO 18172 --- [ms-ejercicios] [main] c.n.d.s.r.aws.ConfigClusterResolver      : Resolving eureka endpoints via configuration
2026-06-23T00:03:31.433-04:00  INFO 18172 --- [ms-ejercicios] [main] com.netflix.discovery.DiscoveryClient    : Disable delta property : false
2026-06-23T00:03:31.433-04:00  INFO 18172 --- [ms-ejercicios] [main] com.netflix.discovery.DiscoveryClient    : Single vip registry refresh property : null
2026-06-23T00:03:31.433-04:00  INFO 18172 --- [ms-ejercicios] [main] com.netflix.discovery.DiscoveryClient    : Force full registry fetch : false
2026-06-23T00:03:31.433-04:00  INFO 18172 --- [ms-ejercicios] [main] com.netflix.discovery.DiscoveryClient    : Application is null : false
2026-06-23T00:03:31.433-04:00  INFO 18172 --- [ms-ejercicios] [main] com.netflix.discovery.DiscoveryClient    : Registered Applications size is zero : true
2026-06-23T00:03:31.433-04:00  INFO 18172 --- [ms-ejercicios] [main] com.netflix.discovery.DiscoveryClient    : Application version is -1: true
2026-06-23T00:03:31.433-04:00  INFO 18172 --- [ms-ejercicios] [main] com.netflix.discovery.DiscoveryClient    : Getting all instance registry info from the eureka server
2026-06-23T00:03:31.694-04:00  INFO 18172 --- [ms-ejercicios] [main] com.netflix.discovery.DiscoveryClient    : The response status is 200
2026-06-23T00:03:31.695-04:00  INFO 18172 --- [ms-ejercicios] [main] com.netflix.discovery.DiscoveryClient    : Starting heartbeat executor: renew interval is: 30
2026-06-23T00:03:31.696-04:00  INFO 18172 --- [ms-ejercicios] [main] c.n.discovery.InstanceInfoReplicator     : InstanceInfoReplicator onDemand update allowed rate per min is 4
2026-06-23T00:03:31.697-04:00  INFO 18172 --- [ms-ejercicios] [main] com.netflix.discovery.DiscoveryClient    : Discovery Client initialized at timestamp 1782187411697 with initial instances count: 2
2026-06-23T00:03:31.700-04:00  INFO 18172 --- [ms-ejercicios] [main] o.s.c.n.e.s.EurekaServiceRegistry        : Registering application MS-EJERCICIOS with eureka with status UP
2026-06-23T00:03:31.700-04:00  INFO 18172 --- [ms-ejercicios] [main] com.netflix.discovery.DiscoveryClient    : Saw local status change event StatusChangeEvent [timestamp=1782187411700, current=UP, previous=STARTING]
2026-06-23T00:03:31.701-04:00  INFO 18172 --- [ms-ejercicios] [DiscoveryClient-InstanceInfoReplicator-%d] com.netflix.discovery.DiscoveryClient    : DiscoveryClient_MS-EJERCICIOS/DESKTOP-NG6PCSR:ms-ejercicios:8082: registering service...
2026-06-23T00:03:31.712-04:00  INFO 18172 --- [ms-ejercicios] [main] o.s.boot.tomcat.TomcatWebServer          : Tomcat started on port 8082 (http) with context path '/'
2026-06-23T00:03:31.712-04:00  INFO 18172 --- [ms-ejercicios] [main] .s.c.n.e.s.EurekaAutoServiceRegistration : Updating port to 8082
2026-06-23T00:03:31.720-04:00  INFO 18172 --- [ms-ejercicios] [main] g.ms_entrenador.MsEntrenadorApplication  : Started MsEntrenadorApplication in 3.826 seconds (process running for 4.486)
2026-06-23T00:03:31.728-04:00  INFO 18172 --- [ms-ejercicios] [DiscoveryClient-InstanceInfoReplicator-%d] com.netflix.discovery.DiscoveryClient    : DiscoveryClient_MS-EJERCICIOS/DESKTOP-NG6PCSR:ms-ejercicios:8082 - registration status: 204
2026-06-23T00:03:31.869-04:00 DEBUG 18172 --- [ms-ejercicios] [main] org.hibernate.SQL                        : insert into entrenador (edad,especialidad,genero,nombre) values (?,?,?,?)
2026-06-23T00:03:31.887-04:00 DEBUG 18172 --- [ms-ejercicios] [main] org.hibernate.SQL                        : insert into entrenador (edad,especialidad,genero,nombre) values (?,?,?,?)
2026-06-23T00:03:31.888-04:00 DEBUG 18172 --- [ms-ejercicios] [main] org.hibernate.SQL                        : insert into entrenador (edad,especialidad,genero,nombre) values (?,?,?,?)
2026-06-23T00:03:31.889-04:00 DEBUG 18172 --- [ms-ejercicios] [main] org.hibernate.SQL                        : insert into entrenador (edad,especialidad,genero,nombre) values (?,?,?,?)
2026-06-23T00:03:31.890-04:00 DEBUG 18172 --- [ms-ejercicios] [main] org.hibernate.SQL                        : insert into entrenador (edad,especialidad,genero,nombre) values (?,?,?,?)
2026-06-23T00:03:31.890-04:00 DEBUG 18172 --- [ms-ejercicios] [main] org.hibernate.SQL                        : insert into entrenador (edad,especialidad,genero,nombre) values (?,?,?,?)
2026-06-23T00:03:31.891-04:00 DEBUG 18172 --- [ms-ejercicios] [main] org.hibernate.SQL                        : insert into entrenador (edad,especialidad,genero,nombre) values (?,?,?,?)
2026-06-23T00:03:31.892-04:00 DEBUG 18172 --- [ms-ejercicios] [main] org.hibernate.SQL                        : insert into entrenador (edad,especialidad,genero,nombre) values (?,?,?,?)
2026-06-23T00:03:31.892-04:00 DEBUG 18172 --- [ms-ejercicios] [main] org.hibernate.SQL                        : insert into entrenador (edad,especialidad,genero,nombre) values (?,?,?,?)
2026-06-23T00:03:31.893-04:00 DEBUG 18172 --- [ms-ejercicios] [main] org.hibernate.SQL                        : insert into entrenador (edad,especialidad,genero,nombre) values (?,?,?,?)
2026-06-23T00:03:49.134-04:00  INFO 18112 --- [ms-ejercicios] [main] g.ms_ejercicios.MsEjerciciosApplication  : Starting MsEjerciciosApplication using Java 25.0.3 with PID 18112 (E:\proyectos\examen3\ms-ejercicios\target\classes started by Usuario in E:\proyectos\examen3)
2026-06-23T00:03:49.136-04:00 DEBUG 18112 --- [ms-ejercicios] [main] g.ms_ejercicios.MsEjerciciosApplication  : Running with Spring Boot v4.0.6, Spring v7.0.7
2026-06-23T00:03:49.137-04:00  INFO 18112 --- [ms-ejercicios] [main] g.ms_ejercicios.MsEjerciciosApplication  : The following 1 profile is active: "dev"
2026-06-23T00:03:49.776-04:00  INFO 18112 --- [ms-ejercicios] [main] .s.d.r.c.RepositoryConfigurationDelegate : Bootstrapping Spring Data JPA repositories in DEFAULT mode.
2026-06-23T00:03:49.873-04:00  INFO 18112 --- [ms-ejercicios] [main] .s.d.r.c.RepositoryConfigurationDelegate : Finished Spring Data repository scanning in 91 ms. Found 1 JPA repository interface.
2026-06-23T00:03:50.048-04:00  INFO 18112 --- [ms-ejercicios] [main] o.s.cloud.context.scope.GenericScope     : BeanFactory id=50f64367-296c-310d-8b53-a9a423df70eb
2026-06-23T00:03:50.279-04:00  INFO 18112 --- [ms-ejercicios] [main] o.s.boot.tomcat.TomcatWebServer          : Tomcat initialized with port 8085 (http)
2026-06-23T00:03:50.288-04:00  INFO 18112 --- [ms-ejercicios] [main] o.apache.catalina.core.StandardService   : Starting service [Tomcat]
2026-06-23T00:03:50.289-04:00  INFO 18112 --- [ms-ejercicios] [main] o.apache.catalina.core.StandardEngine    : Starting Servlet engine: [Apache Tomcat/11.0.21]
2026-06-23T00:03:50.340-04:00  INFO 18112 --- [ms-ejercicios] [main] b.w.c.s.WebApplicationContextInitializer : Root WebApplicationContext: initialization completed in 1165 ms
2026-06-23T00:03:50.457-04:00  INFO 18112 --- [ms-ejercicios] [main] org.hibernate.orm.jpa                    : HHH008540: Processing PersistenceUnitInfo [name: default]
2026-06-23T00:03:50.491-04:00  INFO 18112 --- [ms-ejercicios] [main] org.hibernate.orm.core                   : HHH000001: Hibernate ORM core version 7.2.12.Final
2026-06-23T00:03:50.817-04:00  INFO 18112 --- [ms-ejercicios] [main] o.s.o.j.p.SpringPersistenceUnitInfo      : No LoadTimeWeaver setup: ignoring JPA class transformer
2026-06-23T00:03:50.839-04:00  INFO 18112 --- [ms-ejercicios] [main] com.zaxxer.hikari.HikariDataSource       : HikariPool-1 - Starting...
2026-06-23T00:03:50.945-04:00  INFO 18112 --- [ms-ejercicios] [main] com.zaxxer.hikari.pool.HikariPool        : HikariPool-1 - Added connection com.mysql.cj.jdbc.ConnectionImpl@652a1a17
2026-06-23T00:03:50.947-04:00  INFO 18112 --- [ms-ejercicios] [main] com.zaxxer.hikari.HikariDataSource       : HikariPool-1 - Start completed.
2026-06-23T00:03:51.002-04:00  INFO 18112 --- [ms-ejercicios] [main] org.hibernate.orm.connections.pooling    : HHH10001005: Database info:
	Database JDBC URL [jdbc:mysql://localhost:3306/db_ejercicio?useSSL=false&createDatabaseIfNotExist=true&serverTimezone=UTC]
	Database driver: MySQL Connector/J
	Database dialect: MySQLDialect
	Database version: 9.7.1
	Default catalog/schema: db_ejercicio/undefined
	Autocommit mode: undefined/unknown
	Isolation level: REPEATABLE_READ [default REPEATABLE_READ]
	JDBC fetch size: none
	Pool: DataSourceConnectionProvider
	Minimum pool size: undefined/unknown
	Maximum pool size: undefined/unknown
2026-06-23T00:03:51.575-04:00  INFO 18112 --- [ms-ejercicios] [main] org.hibernate.orm.core                   : HHH000489: No JTA platform available (set 'hibernate.transaction.jta.platform' to enable JTA platform integration)
2026-06-23T00:03:51.612-04:00  INFO 18112 --- [ms-ejercicios] [main] j.LocalContainerEntityManagerFactoryBean : Initialized JPA EntityManagerFactory for persistence unit 'default'
2026-06-23T00:03:51.666-04:00  INFO 18112 --- [ms-ejercicios] [main] o.s.d.j.r.query.QueryEnhancerFactories   : Hibernate is in classpath; If applicable, HQL parser will be used.
2026-06-23T00:03:51.784-04:00  WARN 18112 --- [ms-ejercicios] [main] JpaBaseConfiguration$JpaWebConfiguration : spring.jpa.open-in-view is enabled by default. Therefore, database queries may be performed during view rendering. Explicitly configure spring.jpa.open-in-view to disable this warning
2026-06-23T00:03:51.815-04:00  INFO 18112 --- [ms-ejercicios] [main] o.s.v.b.OptionalValidatorFactoryBean     : Failed to set up a Bean Validation provider: jakarta.validation.NoProviderFoundException: Unable to create a Configuration, because no Jakarta Validation provider could be found. Add a provider like Hibernate Validator (RI) to your classpath.
2026-06-23T00:03:52.158-04:00  INFO 18112 --- [ms-ejercicios] [main] DiscoveryClientOptionalArgsConfiguration : Eureka HTTP Client uses RestClient.
2026-06-23T00:03:52.184-04:00  WARN 18112 --- [ms-ejercicios] [main] iguration$LoadBalancerCaffeineWarnLogger : Spring Cloud LoadBalancer is currently working with the default cache. While this cache implementation is useful for development and tests, it's recommended to use Caffeine cache in production.You can switch to using Caffeine cache, by adding it and org.springframework.cache.caffeine.CaffeineCacheManager to the classpath.
2026-06-23T00:03:52.228-04:00  INFO 18112 --- [ms-ejercicios] [main] o.s.c.n.eureka.InstanceInfoFactory       : Setting initial instance status as: STARTING
2026-06-23T00:03:52.244-04:00  INFO 18112 --- [ms-ejercicios] [main] com.netflix.discovery.DiscoveryClient    : Initializing Eureka in region us-east-1
2026-06-23T00:03:52.246-04:00  INFO 18112 --- [ms-ejercicios] [main] c.n.d.s.r.aws.ConfigClusterResolver      : Resolving eureka endpoints via configuration
2026-06-23T00:03:52.252-04:00  INFO 18112 --- [ms-ejercicios] [main] com.netflix.discovery.DiscoveryClient    : Disable delta property : false
2026-06-23T00:03:52.252-04:00  INFO 18112 --- [ms-ejercicios] [main] com.netflix.discovery.DiscoveryClient    : Single vip registry refresh property : null
2026-06-23T00:03:52.252-04:00  INFO 18112 --- [ms-ejercicios] [main] com.netflix.discovery.DiscoveryClient    : Force full registry fetch : false
2026-06-23T00:03:52.253-04:00  INFO 18112 --- [ms-ejercicios] [main] com.netflix.discovery.DiscoveryClient    : Application is null : false
2026-06-23T00:03:52.253-04:00  INFO 18112 --- [ms-ejercicios] [main] com.netflix.discovery.DiscoveryClient    : Registered Applications size is zero : true
2026-06-23T00:03:52.253-04:00  INFO 18112 --- [ms-ejercicios] [main] com.netflix.discovery.DiscoveryClient    : Application version is -1: true
2026-06-23T00:03:52.253-04:00  INFO 18112 --- [ms-ejercicios] [main] com.netflix.discovery.DiscoveryClient    : Getting all instance registry info from the eureka server
2026-06-23T00:03:52.508-04:00  INFO 18112 --- [ms-ejercicios] [main] com.netflix.discovery.DiscoveryClient    : The response status is 200
2026-06-23T00:03:52.509-04:00  INFO 18112 --- [ms-ejercicios] [main] com.netflix.discovery.DiscoveryClient    : Starting heartbeat executor: renew interval is: 30
2026-06-23T00:03:52.510-04:00  INFO 18112 --- [ms-ejercicios] [main] c.n.discovery.InstanceInfoReplicator     : InstanceInfoReplicator onDemand update allowed rate per min is 4
2026-06-23T00:03:52.511-04:00  INFO 18112 --- [ms-ejercicios] [main] com.netflix.discovery.DiscoveryClient    : Discovery Client initialized at timestamp 1782187432511 with initial instances count: 2
2026-06-23T00:03:52.514-04:00  INFO 18112 --- [ms-ejercicios] [main] o.s.c.n.e.s.EurekaServiceRegistry        : Registering application MS-EJERCICIOS with eureka with status UP
2026-06-23T00:03:52.514-04:00  INFO 18112 --- [ms-ejercicios] [main] com.netflix.discovery.DiscoveryClient    : Saw local status change event StatusChangeEvent [timestamp=1782187432514, current=UP, previous=STARTING]
2026-06-23T00:03:52.515-04:00  INFO 18112 --- [ms-ejercicios] [DiscoveryClient-InstanceInfoReplicator-%d] com.netflix.discovery.DiscoveryClient    : DiscoveryClient_MS-EJERCICIOS/DESKTOP-NG6PCSR:ms-ejercicios:8085: registering service...
2026-06-23T00:03:52.526-04:00  INFO 18112 --- [ms-ejercicios] [main] o.s.boot.tomcat.TomcatWebServer          : Tomcat started on port 8085 (http) with context path '/'
2026-06-23T00:03:52.527-04:00  INFO 18112 --- [ms-ejercicios] [main] .s.c.n.e.s.EurekaAutoServiceRegistration : Updating port to 8085
2026-06-23T00:03:52.539-04:00  INFO 18112 --- [ms-ejercicios] [main] g.ms_ejercicios.MsEjerciciosApplication  : Started MsEjerciciosApplication in 3.756 seconds (process running for 4.41)
2026-06-23T00:03:52.547-04:00  INFO 18112 --- [ms-ejercicios] [DiscoveryClient-InstanceInfoReplicator-%d] com.netflix.discovery.DiscoveryClient    : DiscoveryClient_MS-EJERCICIOS/DESKTOP-NG6PCSR:ms-ejercicios:8085 - registration status: 204
2026-06-23T00:03:52.604-04:00 DEBUG 18112 --- [ms-ejercicios] [main] org.hibernate.SQL                        : insert into ejercicio (cantidad_ejercicios,grupo_muscular) values (?,?)
2026-06-23T00:03:52.620-04:00 DEBUG 18112 --- [ms-ejercicios] [main] org.hibernate.SQL                        : insert into ejercicio (cantidad_ejercicios,grupo_muscular) values (?,?)
2026-06-23T00:03:52.622-04:00 DEBUG 18112 --- [ms-ejercicios] [main] org.hibernate.SQL                        : insert into ejercicio (cantidad_ejercicios,grupo_muscular) values (?,?)
2026-06-23T00:03:52.623-04:00 DEBUG 18112 --- [ms-ejercicios] [main] org.hibernate.SQL                        : insert into ejercicio (cantidad_ejercicios,grupo_muscular) values (?,?)
2026-06-23T00:03:52.624-04:00 DEBUG 18112 --- [ms-ejercicios] [main] org.hibernate.SQL                        : insert into ejercicio (cantidad_ejercicios,grupo_muscular) values (?,?)
2026-06-23T00:03:52.625-04:00 DEBUG 18112 --- [ms-ejercicios] [main] org.hibernate.SQL                        : insert into ejercicio (cantidad_ejercicios,grupo_muscular) values (?,?)
2026-06-23T00:08:31.436-04:00  INFO 18172 --- [ms-ejercicios] [AsyncResolver-bootstrap-executor-%d] c.n.d.s.r.aws.ConfigClusterResolver      : Resolving eureka endpoints via configuration
2026-06-23T00:08:52.255-04:00  INFO 18112 --- [ms-ejercicios] [AsyncResolver-bootstrap-executor-%d] c.n.d.s.r.aws.ConfigClusterResolver      : Resolving eureka endpoints via configuration
2026-06-23T00:11:34.536-04:00  INFO 18172 --- [ms-ejercicios] [SpringApplicationShutdownHook] o.s.c.n.e.s.EurekaServiceRegistry        : Unregistering application MS-EJERCICIOS with eureka with status DOWN
2026-06-23T00:11:34.537-04:00  INFO 18172 --- [ms-ejercicios] [SpringApplicationShutdownHook] com.netflix.discovery.DiscoveryClient    : Saw local status change event StatusChangeEvent [timestamp=1782187894537, current=DOWN, previous=UP]
2026-06-23T00:11:34.537-04:00  INFO 18172 --- [ms-ejercicios] [DiscoveryClient-InstanceInfoReplicator-%d] com.netflix.discovery.DiscoveryClient    : DiscoveryClient_MS-EJERCICIOS/DESKTOP-NG6PCSR:ms-ejercicios:8082: registering service...
2026-06-23T00:11:34.539-04:00  INFO 18172 --- [ms-ejercicios] [SpringApplicationShutdownHook] o.s.boot.tomcat.GracefulShutdown         : Commencing graceful shutdown. Waiting for active requests to complete
2026-06-23T00:11:34.541-04:00  INFO 18172 --- [ms-ejercicios] [DiscoveryClient-InstanceInfoReplicator-%d] com.netflix.discovery.DiscoveryClient    : DiscoveryClient_MS-EJERCICIOS/DESKTOP-NG6PCSR:ms-ejercicios:8082 - registration status: 204
2026-06-23T00:11:34.543-04:00  INFO 18172 --- [ms-ejercicios] [tomcat-shutdown] o.s.boot.tomcat.GracefulShutdown         : Graceful shutdown complete
2026-06-23T00:11:34.547-04:00  INFO 18172 --- [ms-ejercicios] [SpringApplicationShutdownHook] j.LocalContainerEntityManagerFactoryBean : Closing JPA EntityManagerFactory for persistence unit 'default'
2026-06-23T00:11:34.549-04:00  INFO 18172 --- [ms-ejercicios] [SpringApplicationShutdownHook] com.zaxxer.hikari.HikariDataSource       : HikariPool-1 - Shutdown initiated...
2026-06-23T00:11:34.553-04:00  INFO 18172 --- [ms-ejercicios] [SpringApplicationShutdownHook] com.zaxxer.hikari.HikariDataSource       : HikariPool-1 - Shutdown completed.
2026-06-23T00:11:34.553-04:00  INFO 18172 --- [ms-ejercicios] [SpringApplicationShutdownHook] com.netflix.discovery.DiscoveryClient    : Shutting down DiscoveryClient ...
2026-06-23T00:11:37.554-04:00  INFO 18172 --- [ms-ejercicios] [SpringApplicationShutdownHook] com.netflix.discovery.DiscoveryClient    : Unregistering ...
2026-06-23T00:11:37.559-04:00  INFO 18172 --- [ms-ejercicios] [SpringApplicationShutdownHook] com.netflix.discovery.DiscoveryClient    : DiscoveryClient_MS-EJERCICIOS/DESKTOP-NG6PCSR:ms-ejercicios:8082 - deregister  status: 200
2026-06-23T00:11:37.559-04:00  INFO 18172 --- [ms-ejercicios] [SpringApplicationShutdownHook] com.netflix.discovery.DiscoveryClient    : Completed shut down of DiscoveryClient
2026-06-23T00:11:39.619-04:00  INFO 12104 --- [ms-entrenador] [main] g.ms_entrenador.MsEntrenadorApplication  : Starting MsEntrenadorApplication using Java 25.0.3 with PID 12104 (E:\proyectos\examen3\ms-entrenador\target\classes started by Usuario in E:\proyectos\examen3)
2026-06-23T00:11:39.622-04:00  INFO 12104 --- [ms-entrenador] [main] g.ms_entrenador.MsEntrenadorApplication  : The following 1 profile is active: "dev"
2026-06-23T00:11:40.265-04:00  INFO 12104 --- [ms-entrenador] [main] .s.d.r.c.RepositoryConfigurationDelegate : Bootstrapping Spring Data JPA repositories in DEFAULT mode.
2026-06-23T00:11:40.369-04:00  INFO 12104 --- [ms-entrenador] [main] .s.d.r.c.RepositoryConfigurationDelegate : Finished Spring Data repository scanning in 97 ms. Found 1 JPA repository interface.
2026-06-23T00:11:40.534-04:00  INFO 12104 --- [ms-entrenador] [main] o.s.cloud.context.scope.GenericScope     : BeanFactory id=bfe2c135-9af6-375e-8f3b-fc745d618a49
2026-06-23T00:11:40.787-04:00  INFO 12104 --- [ms-entrenador] [main] o.s.boot.tomcat.TomcatWebServer          : Tomcat initialized with port 8082 (http)
2026-06-23T00:11:40.797-04:00  INFO 12104 --- [ms-entrenador] [main] o.apache.catalina.core.StandardService   : Starting service [Tomcat]
2026-06-23T00:11:40.797-04:00  INFO 12104 --- [ms-entrenador] [main] o.apache.catalina.core.StandardEngine    : Starting Servlet engine: [Apache Tomcat/11.0.21]
2026-06-23T00:11:40.845-04:00  INFO 12104 --- [ms-entrenador] [main] b.w.c.s.WebApplicationContextInitializer : Root WebApplicationContext: initialization completed in 1186 ms
2026-06-23T00:11:40.959-04:00  INFO 12104 --- [ms-entrenador] [main] org.hibernate.orm.jpa                    : HHH008540: Processing PersistenceUnitInfo [name: default]
2026-06-23T00:11:40.998-04:00  INFO 12104 --- [ms-entrenador] [main] org.hibernate.orm.core                   : HHH000001: Hibernate ORM core version 7.2.12.Final
2026-06-23T00:11:41.331-04:00  INFO 12104 --- [ms-entrenador] [main] o.s.o.j.p.SpringPersistenceUnitInfo      : No LoadTimeWeaver setup: ignoring JPA class transformer
2026-06-23T00:11:41.362-04:00  INFO 12104 --- [ms-entrenador] [main] com.zaxxer.hikari.HikariDataSource       : HikariPool-1 - Starting...
2026-06-23T00:11:41.518-04:00  INFO 12104 --- [ms-entrenador] [main] com.zaxxer.hikari.pool.HikariPool        : HikariPool-1 - Added connection com.mysql.cj.jdbc.ConnectionImpl@2e02cc37
2026-06-23T00:11:41.519-04:00  INFO 12104 --- [ms-entrenador] [main] com.zaxxer.hikari.HikariDataSource       : HikariPool-1 - Start completed.
2026-06-23T00:11:41.590-04:00  INFO 12104 --- [ms-entrenador] [main] org.hibernate.orm.connections.pooling    : HHH10001005: Database info:
	Database JDBC URL [jdbc:mysql://localhost:3306/db_ejercicio?useSSL=false&createDatabaseIfNotExist=true&serverTimezone=UTC]
	Database driver: MySQL Connector/J
	Database dialect: MySQLDialect
	Database version: 9.7.1
	Default catalog/schema: db_ejercicio/undefined
	Autocommit mode: undefined/unknown
	Isolation level: REPEATABLE_READ [default REPEATABLE_READ]
	JDBC fetch size: none
	Pool: DataSourceConnectionProvider
	Minimum pool size: undefined/unknown
	Maximum pool size: undefined/unknown
2026-06-23T00:11:42.161-04:00  INFO 12104 --- [ms-entrenador] [main] org.hibernate.orm.core                   : HHH000489: No JTA platform available (set 'hibernate.transaction.jta.platform' to enable JTA platform integration)
2026-06-23T00:11:42.200-04:00  INFO 12104 --- [ms-entrenador] [main] j.LocalContainerEntityManagerFactoryBean : Initialized JPA EntityManagerFactory for persistence unit 'default'
2026-06-23T00:11:42.255-04:00  INFO 12104 --- [ms-entrenador] [main] o.s.d.j.r.query.QueryEnhancerFactories   : Hibernate is in classpath; If applicable, HQL parser will be used.
2026-06-23T00:11:42.372-04:00  WARN 12104 --- [ms-entrenador] [main] JpaBaseConfiguration$JpaWebConfiguration : spring.jpa.open-in-view is enabled by default. Therefore, database queries may be performed during view rendering. Explicitly configure spring.jpa.open-in-view to disable this warning
2026-06-23T00:11:42.403-04:00  INFO 12104 --- [ms-entrenador] [main] o.s.v.b.OptionalValidatorFactoryBean     : Failed to set up a Bean Validation provider: jakarta.validation.NoProviderFoundException: Unable to create a Configuration, because no Jakarta Validation provider could be found. Add a provider like Hibernate Validator (RI) to your classpath.
2026-06-23T00:11:42.748-04:00  INFO 12104 --- [ms-entrenador] [main] DiscoveryClientOptionalArgsConfiguration : Eureka HTTP Client uses RestClient.
2026-06-23T00:11:42.778-04:00  WARN 12104 --- [ms-entrenador] [main] iguration$LoadBalancerCaffeineWarnLogger : Spring Cloud LoadBalancer is currently working with the default cache. While this cache implementation is useful for development and tests, it's recommended to use Caffeine cache in production.You can switch to using Caffeine cache, by adding it and org.springframework.cache.caffeine.CaffeineCacheManager to the classpath.
2026-06-23T00:11:42.831-04:00  INFO 12104 --- [ms-entrenador] [main] o.s.c.n.eureka.InstanceInfoFactory       : Setting initial instance status as: STARTING
2026-06-23T00:11:42.847-04:00  INFO 12104 --- [ms-entrenador] [main] com.netflix.discovery.DiscoveryClient    : Initializing Eureka in region us-east-1
2026-06-23T00:11:42.850-04:00  INFO 12104 --- [ms-entrenador] [main] c.n.d.s.r.aws.ConfigClusterResolver      : Resolving eureka endpoints via configuration
2026-06-23T00:11:42.855-04:00  INFO 12104 --- [ms-entrenador] [main] com.netflix.discovery.DiscoveryClient    : Disable delta property : false
2026-06-23T00:11:42.855-04:00  INFO 12104 --- [ms-entrenador] [main] com.netflix.discovery.DiscoveryClient    : Single vip registry refresh property : null
2026-06-23T00:11:42.856-04:00  INFO 12104 --- [ms-entrenador] [main] com.netflix.discovery.DiscoveryClient    : Force full registry fetch : false
2026-06-23T00:11:42.856-04:00  INFO 12104 --- [ms-entrenador] [main] com.netflix.discovery.DiscoveryClient    : Application is null : false
2026-06-23T00:11:42.856-04:00  INFO 12104 --- [ms-entrenador] [main] com.netflix.discovery.DiscoveryClient    : Registered Applications size is zero : true
2026-06-23T00:11:42.856-04:00  INFO 12104 --- [ms-entrenador] [main] com.netflix.discovery.DiscoveryClient    : Application version is -1: true
2026-06-23T00:11:42.856-04:00  INFO 12104 --- [ms-entrenador] [main] com.netflix.discovery.DiscoveryClient    : Getting all instance registry info from the eureka server
2026-06-23T00:11:43.114-04:00  INFO 12104 --- [ms-entrenador] [main] com.netflix.discovery.DiscoveryClient    : The response status is 200
2026-06-23T00:11:43.115-04:00  INFO 12104 --- [ms-entrenador] [main] com.netflix.discovery.DiscoveryClient    : Starting heartbeat executor: renew interval is: 30
2026-06-23T00:11:43.117-04:00  INFO 12104 --- [ms-entrenador] [main] c.n.discovery.InstanceInfoReplicator     : InstanceInfoReplicator onDemand update allowed rate per min is 4
2026-06-23T00:11:43.118-04:00  INFO 12104 --- [ms-entrenador] [main] com.netflix.discovery.DiscoveryClient    : Discovery Client initialized at timestamp 1782187903117 with initial instances count: 7
2026-06-23T00:11:43.120-04:00  INFO 12104 --- [ms-entrenador] [main] o.s.c.n.e.s.EurekaServiceRegistry        : Registering application MS-ENTRENADOR with eureka with status UP
2026-06-23T00:11:43.120-04:00  INFO 12104 --- [ms-entrenador] [main] com.netflix.discovery.DiscoveryClient    : Saw local status change event StatusChangeEvent [timestamp=1782187903120, current=UP, previous=STARTING]
2026-06-23T00:11:43.121-04:00  INFO 12104 --- [ms-entrenador] [DiscoveryClient-InstanceInfoReplicator-%d] com.netflix.discovery.DiscoveryClient    : DiscoveryClient_MS-ENTRENADOR/DESKTOP-NG6PCSR:ms-entrenador:8082: registering service...
2026-06-23T00:11:43.131-04:00  INFO 12104 --- [ms-entrenador] [main] o.s.boot.tomcat.TomcatWebServer          : Tomcat started on port 8082 (http) with context path '/'
2026-06-23T00:11:43.132-04:00  INFO 12104 --- [ms-entrenador] [main] .s.c.n.e.s.EurekaAutoServiceRegistration : Updating port to 8082
2026-06-23T00:11:43.140-04:00  INFO 12104 --- [ms-entrenador] [main] g.ms_entrenador.MsEntrenadorApplication  : Started MsEntrenadorApplication in 3.892 seconds (process running for 4.574)
2026-06-23T00:11:43.148-04:00  INFO 12104 --- [ms-entrenador] [DiscoveryClient-InstanceInfoReplicator-%d] com.netflix.discovery.DiscoveryClient    : DiscoveryClient_MS-ENTRENADOR/DESKTOP-NG6PCSR:ms-entrenador:8082 - registration status: 204
2026-06-23T00:11:43.288-04:00 DEBUG 12104 --- [ms-entrenador] [main] org.hibernate.SQL                        : insert into entrenador (edad,especialidad,genero,nombre) values (?,?,?,?)
2026-06-23T00:11:43.305-04:00 DEBUG 12104 --- [ms-entrenador] [main] org.hibernate.SQL                        : insert into entrenador (edad,especialidad,genero,nombre) values (?,?,?,?)
2026-06-23T00:11:43.306-04:00 DEBUG 12104 --- [ms-entrenador] [main] org.hibernate.SQL                        : insert into entrenador (edad,especialidad,genero,nombre) values (?,?,?,?)
2026-06-23T00:11:43.307-04:00 DEBUG 12104 --- [ms-entrenador] [main] org.hibernate.SQL                        : insert into entrenador (edad,especialidad,genero,nombre) values (?,?,?,?)
2026-06-23T00:11:43.308-04:00 DEBUG 12104 --- [ms-entrenador] [main] org.hibernate.SQL                        : insert into entrenador (edad,especialidad,genero,nombre) values (?,?,?,?)
2026-06-23T00:11:43.309-04:00 DEBUG 12104 --- [ms-entrenador] [main] org.hibernate.SQL                        : insert into entrenador (edad,especialidad,genero,nombre) values (?,?,?,?)
2026-06-23T00:11:43.310-04:00 DEBUG 12104 --- [ms-entrenador] [main] org.hibernate.SQL                        : insert into entrenador (edad,especialidad,genero,nombre) values (?,?,?,?)
2026-06-23T00:11:43.310-04:00 DEBUG 12104 --- [ms-entrenador] [main] org.hibernate.SQL                        : insert into entrenador (edad,especialidad,genero,nombre) values (?,?,?,?)
2026-06-23T00:11:43.311-04:00 DEBUG 12104 --- [ms-entrenador] [main] org.hibernate.SQL                        : insert into entrenador (edad,especialidad,genero,nombre) values (?,?,?,?)
2026-06-23T00:11:43.312-04:00 DEBUG 12104 --- [ms-entrenador] [main] org.hibernate.SQL                        : insert into entrenador (edad,especialidad,genero,nombre) values (?,?,?,?)
2026-06-23T00:13:52.256-04:00  INFO 18112 --- [ms-ejercicios] [AsyncResolver-bootstrap-executor-%d] c.n.d.s.r.aws.ConfigClusterResolver      : Resolving eureka endpoints via configuration
2026-06-23T00:16:42.858-04:00  INFO 12104 --- [ms-entrenador] [AsyncResolver-bootstrap-executor-%d] c.n.d.s.r.aws.ConfigClusterResolver      : Resolving eureka endpoints via configuration
2026-06-23T00:18:52.258-04:00  INFO 18112 --- [ms-ejercicios] [AsyncResolver-bootstrap-executor-%d] c.n.d.s.r.aws.ConfigClusterResolver      : Resolving eureka endpoints via configuration
2026-06-23T00:21:42.860-04:00  INFO 12104 --- [ms-entrenador] [AsyncResolver-bootstrap-executor-%d] c.n.d.s.r.aws.ConfigClusterResolver      : Resolving eureka endpoints via configuration
2026-06-23T00:23:52.259-04:00  INFO 18112 --- [ms-ejercicios] [AsyncResolver-bootstrap-executor-%d] c.n.d.s.r.aws.ConfigClusterResolver      : Resolving eureka endpoints via configuration
2026-06-23T00:26:42.862-04:00  INFO 12104 --- [ms-entrenador] [AsyncResolver-bootstrap-executor-%d] c.n.d.s.r.aws.ConfigClusterResolver      : Resolving eureka endpoints via configuration
2026-06-23T00:28:52.261-04:00  INFO 18112 --- [ms-ejercicios] [AsyncResolver-bootstrap-executor-%d] c.n.d.s.r.aws.ConfigClusterResolver      : Resolving eureka endpoints via configuration
2026-06-23T00:31:42.863-04:00  INFO 12104 --- [ms-entrenador] [AsyncResolver-bootstrap-executor-%d] c.n.d.s.r.aws.ConfigClusterResolver      : Resolving eureka endpoints via configuration
2026-06-23T00:33:52.262-04:00  INFO 18112 --- [ms-ejercicios] [AsyncResolver-bootstrap-executor-%d] c.n.d.s.r.aws.ConfigClusterResolver      : Resolving eureka endpoints via configuration
2026-06-23T00:36:42.864-04:00  INFO 12104 --- [ms-entrenador] [AsyncResolver-bootstrap-executor-%d] c.n.d.s.r.aws.ConfigClusterResolver      : Resolving eureka endpoints via configuration
2026-06-23T00:38:40.108-04:00  INFO 18112 --- [ms-ejercicios] [SpringApplicationShutdownHook] o.s.c.n.e.s.EurekaServiceRegistry        : Unregistering application MS-EJERCICIOS with eureka with status DOWN
2026-06-23T00:38:40.108-04:00  INFO 18112 --- [ms-ejercicios] [SpringApplicationShutdownHook] com.netflix.discovery.DiscoveryClient    : Saw local status change event StatusChangeEvent [timestamp=1782189520108, current=DOWN, previous=UP]
2026-06-23T00:38:40.108-04:00  INFO 18112 --- [ms-ejercicios] [DiscoveryClient-InstanceInfoReplicator-%d] com.netflix.discovery.DiscoveryClient    : DiscoveryClient_MS-EJERCICIOS/DESKTOP-NG6PCSR:ms-ejercicios:8085: registering service...
2026-06-23T00:38:40.111-04:00  INFO 18112 --- [ms-ejercicios] [SpringApplicationShutdownHook] o.s.boot.tomcat.GracefulShutdown         : Commencing graceful shutdown. Waiting for active requests to complete
2026-06-23T00:38:40.115-04:00  INFO 18112 --- [ms-ejercicios] [tomcat-shutdown] o.s.boot.tomcat.GracefulShutdown         : Graceful shutdown complete
2026-06-23T00:38:40.116-04:00  INFO 18112 --- [ms-ejercicios] [DiscoveryClient-InstanceInfoReplicator-%d] com.netflix.discovery.DiscoveryClient    : DiscoveryClient_MS-EJERCICIOS/DESKTOP-NG6PCSR:ms-ejercicios:8085 - registration status: 204
2026-06-23T00:38:40.120-04:00  INFO 18112 --- [ms-ejercicios] [SpringApplicationShutdownHook] j.LocalContainerEntityManagerFactoryBean : Closing JPA EntityManagerFactory for persistence unit 'default'
2026-06-23T00:38:40.122-04:00  INFO 18112 --- [ms-ejercicios] [SpringApplicationShutdownHook] com.zaxxer.hikari.HikariDataSource       : HikariPool-1 - Shutdown initiated...
2026-06-23T00:38:40.124-04:00  INFO 18112 --- [ms-ejercicios] [SpringApplicationShutdownHook] com.zaxxer.hikari.HikariDataSource       : HikariPool-1 - Shutdown completed.
2026-06-23T00:38:40.124-04:00  INFO 18112 --- [ms-ejercicios] [SpringApplicationShutdownHook] com.netflix.discovery.DiscoveryClient    : Shutting down DiscoveryClient ...
2026-06-23T00:38:43.125-04:00  INFO 18112 --- [ms-ejercicios] [SpringApplicationShutdownHook] com.netflix.discovery.DiscoveryClient    : Unregistering ...
2026-06-23T00:38:43.129-04:00  INFO 18112 --- [ms-ejercicios] [SpringApplicationShutdownHook] com.netflix.discovery.DiscoveryClient    : DiscoveryClient_MS-EJERCICIOS/DESKTOP-NG6PCSR:ms-ejercicios:8085 - deregister  status: 200
2026-06-23T00:38:43.129-04:00  INFO 18112 --- [ms-ejercicios] [SpringApplicationShutdownHook] com.netflix.discovery.DiscoveryClient    : Completed shut down of DiscoveryClient
2026-06-23T00:38:45.992-04:00  INFO 10912 --- [ms-ejercicios] [main] g.ms_ejercicios.MsEjerciciosApplication  : Starting MsEjerciciosApplication using Java 25.0.3 with PID 10912 (E:\proyectos\examen3\ms-ejercicios\target\classes started by Usuario in E:\proyectos\examen3)
2026-06-23T00:38:45.994-04:00 DEBUG 10912 --- [ms-ejercicios] [main] g.ms_ejercicios.MsEjerciciosApplication  : Running with Spring Boot v4.0.6, Spring v7.0.7
2026-06-23T00:38:45.994-04:00  INFO 10912 --- [ms-ejercicios] [main] g.ms_ejercicios.MsEjerciciosApplication  : The following 1 profile is active: "dev"
2026-06-23T00:38:46.598-04:00  INFO 10912 --- [ms-ejercicios] [main] .s.d.r.c.RepositoryConfigurationDelegate : Bootstrapping Spring Data JPA repositories in DEFAULT mode.
2026-06-23T00:38:46.700-04:00  INFO 10912 --- [ms-ejercicios] [main] .s.d.r.c.RepositoryConfigurationDelegate : Finished Spring Data repository scanning in 95 ms. Found 1 JPA repository interface.
2026-06-23T00:38:46.878-04:00  INFO 10912 --- [ms-ejercicios] [main] o.s.cloud.context.scope.GenericScope     : BeanFactory id=50f64367-296c-310d-8b53-a9a423df70eb
2026-06-23T00:38:47.113-04:00  INFO 10912 --- [ms-ejercicios] [main] o.s.boot.tomcat.TomcatWebServer          : Tomcat initialized with port 8085 (http)
2026-06-23T00:38:47.122-04:00  INFO 10912 --- [ms-ejercicios] [main] o.apache.catalina.core.StandardService   : Starting service [Tomcat]
2026-06-23T00:38:47.122-04:00  INFO 10912 --- [ms-ejercicios] [main] o.apache.catalina.core.StandardEngine    : Starting Servlet engine: [Apache Tomcat/11.0.21]
2026-06-23T00:38:47.169-04:00  INFO 10912 --- [ms-ejercicios] [main] b.w.c.s.WebApplicationContextInitializer : Root WebApplicationContext: initialization completed in 1143 ms
2026-06-23T00:38:47.285-04:00  INFO 10912 --- [ms-ejercicios] [main] org.hibernate.orm.jpa                    : HHH008540: Processing PersistenceUnitInfo [name: default]
2026-06-23T00:38:47.320-04:00  INFO 10912 --- [ms-ejercicios] [main] org.hibernate.orm.core                   : HHH000001: Hibernate ORM core version 7.2.12.Final
2026-06-23T00:38:47.652-04:00  INFO 10912 --- [ms-ejercicios] [main] o.s.o.j.p.SpringPersistenceUnitInfo      : No LoadTimeWeaver setup: ignoring JPA class transformer
2026-06-23T00:38:47.674-04:00  INFO 10912 --- [ms-ejercicios] [main] com.zaxxer.hikari.HikariDataSource       : HikariPool-1 - Starting...
2026-06-23T00:38:47.779-04:00  INFO 10912 --- [ms-ejercicios] [main] com.zaxxer.hikari.pool.HikariPool        : HikariPool-1 - Added connection com.mysql.cj.jdbc.ConnectionImpl@fe156f4
2026-06-23T00:38:47.780-04:00  INFO 10912 --- [ms-ejercicios] [main] com.zaxxer.hikari.HikariDataSource       : HikariPool-1 - Start completed.
2026-06-23T00:38:47.834-04:00  INFO 10912 --- [ms-ejercicios] [main] org.hibernate.orm.connections.pooling    : HHH10001005: Database info:
	Database JDBC URL [jdbc:mysql://localhost:3306/db_ejercicio?useSSL=false&createDatabaseIfNotExist=true&serverTimezone=UTC]
	Database driver: MySQL Connector/J
	Database dialect: MySQLDialect
	Database version: 9.7.1
	Default catalog/schema: db_ejercicio/undefined
	Autocommit mode: undefined/unknown
	Isolation level: REPEATABLE_READ [default REPEATABLE_READ]
	JDBC fetch size: none
	Pool: DataSourceConnectionProvider
	Minimum pool size: undefined/unknown
	Maximum pool size: undefined/unknown
2026-06-23T00:38:48.383-04:00  INFO 10912 --- [ms-ejercicios] [main] org.hibernate.orm.core                   : HHH000489: No JTA platform available (set 'hibernate.transaction.jta.platform' to enable JTA platform integration)
2026-06-23T00:38:48.420-04:00  INFO 10912 --- [ms-ejercicios] [main] j.LocalContainerEntityManagerFactoryBean : Initialized JPA EntityManagerFactory for persistence unit 'default'
2026-06-23T00:38:48.476-04:00  INFO 10912 --- [ms-ejercicios] [main] o.s.d.j.r.query.QueryEnhancerFactories   : Hibernate is in classpath; If applicable, HQL parser will be used.
2026-06-23T00:38:48.592-04:00  WARN 10912 --- [ms-ejercicios] [main] JpaBaseConfiguration$JpaWebConfiguration : spring.jpa.open-in-view is enabled by default. Therefore, database queries may be performed during view rendering. Explicitly configure spring.jpa.open-in-view to disable this warning
2026-06-23T00:38:48.621-04:00  INFO 10912 --- [ms-ejercicios] [main] o.s.v.b.OptionalValidatorFactoryBean     : Failed to set up a Bean Validation provider: jakarta.validation.NoProviderFoundException: Unable to create a Configuration, because no Jakarta Validation provider could be found. Add a provider like Hibernate Validator (RI) to your classpath.
2026-06-23T00:38:48.986-04:00  INFO 10912 --- [ms-ejercicios] [main] DiscoveryClientOptionalArgsConfiguration : Eureka HTTP Client uses RestClient.
2026-06-23T00:38:49.010-04:00  WARN 10912 --- [ms-ejercicios] [main] iguration$LoadBalancerCaffeineWarnLogger : Spring Cloud LoadBalancer is currently working with the default cache. While this cache implementation is useful for development and tests, it's recommended to use Caffeine cache in production.You can switch to using Caffeine cache, by adding it and org.springframework.cache.caffeine.CaffeineCacheManager to the classpath.
2026-06-23T00:38:49.055-04:00  INFO 10912 --- [ms-ejercicios] [main] o.s.c.n.eureka.InstanceInfoFactory       : Setting initial instance status as: STARTING
2026-06-23T00:38:49.071-04:00  INFO 10912 --- [ms-ejercicios] [main] com.netflix.discovery.DiscoveryClient    : Initializing Eureka in region us-east-1
2026-06-23T00:38:49.073-04:00  INFO 10912 --- [ms-ejercicios] [main] c.n.d.s.r.aws.ConfigClusterResolver      : Resolving eureka endpoints via configuration
2026-06-23T00:38:49.079-04:00  INFO 10912 --- [ms-ejercicios] [main] com.netflix.discovery.DiscoveryClient    : Disable delta property : false
2026-06-23T00:38:49.079-04:00  INFO 10912 --- [ms-ejercicios] [main] com.netflix.discovery.DiscoveryClient    : Single vip registry refresh property : null
2026-06-23T00:38:49.079-04:00  INFO 10912 --- [ms-ejercicios] [main] com.netflix.discovery.DiscoveryClient    : Force full registry fetch : false
2026-06-23T00:38:49.079-04:00  INFO 10912 --- [ms-ejercicios] [main] com.netflix.discovery.DiscoveryClient    : Application is null : false
2026-06-23T00:38:49.079-04:00  INFO 10912 --- [ms-ejercicios] [main] com.netflix.discovery.DiscoveryClient    : Registered Applications size is zero : true
2026-06-23T00:38:49.079-04:00  INFO 10912 --- [ms-ejercicios] [main] com.netflix.discovery.DiscoveryClient    : Application version is -1: true
2026-06-23T00:38:49.079-04:00  INFO 10912 --- [ms-ejercicios] [main] com.netflix.discovery.DiscoveryClient    : Getting all instance registry info from the eureka server
2026-06-23T00:38:49.337-04:00  INFO 10912 --- [ms-ejercicios] [main] com.netflix.discovery.DiscoveryClient    : The response status is 200
2026-06-23T00:38:49.339-04:00  INFO 10912 --- [ms-ejercicios] [main] com.netflix.discovery.DiscoveryClient    : Starting heartbeat executor: renew interval is: 30
2026-06-23T00:38:49.340-04:00  INFO 10912 --- [ms-ejercicios] [main] c.n.discovery.InstanceInfoReplicator     : InstanceInfoReplicator onDemand update allowed rate per min is 4
2026-06-23T00:38:49.341-04:00  INFO 10912 --- [ms-ejercicios] [main] com.netflix.discovery.DiscoveryClient    : Discovery Client initialized at timestamp 1782189529340 with initial instances count: 8
2026-06-23T00:38:49.343-04:00  INFO 10912 --- [ms-ejercicios] [main] o.s.c.n.e.s.EurekaServiceRegistry        : Registering application MS-EJERCICIOS with eureka with status UP
2026-06-23T00:38:49.343-04:00  INFO 10912 --- [ms-ejercicios] [main] com.netflix.discovery.DiscoveryClient    : Saw local status change event StatusChangeEvent [timestamp=1782189529343, current=UP, previous=STARTING]
2026-06-23T00:38:49.344-04:00  INFO 10912 --- [ms-ejercicios] [DiscoveryClient-InstanceInfoReplicator-%d] com.netflix.discovery.DiscoveryClient    : DiscoveryClient_MS-EJERCICIOS/DESKTOP-NG6PCSR:ms-ejercicios:8085: registering service...
2026-06-23T00:38:49.355-04:00  INFO 10912 --- [ms-ejercicios] [main] o.s.boot.tomcat.TomcatWebServer          : Tomcat started on port 8085 (http) with context path '/'
2026-06-23T00:38:49.356-04:00  INFO 10912 --- [ms-ejercicios] [main] .s.c.n.e.s.EurekaAutoServiceRegistration : Updating port to 8085
2026-06-23T00:38:49.364-04:00  INFO 10912 --- [ms-ejercicios] [main] g.ms_ejercicios.MsEjerciciosApplication  : Started MsEjerciciosApplication in 3.766 seconds (process running for 4.46)
2026-06-23T00:38:49.370-04:00  INFO 10912 --- [ms-ejercicios] [DiscoveryClient-InstanceInfoReplicator-%d] com.netflix.discovery.DiscoveryClient    : DiscoveryClient_MS-EJERCICIOS/DESKTOP-NG6PCSR:ms-ejercicios:8085 - registration status: 204
2026-06-23T00:38:49.438-04:00 DEBUG 10912 --- [ms-ejercicios] [main] org.hibernate.SQL                        : insert into ejercicio (cantidad_ejercicios,grupo_muscular) values (?,?)
2026-06-23T00:38:49.454-04:00 DEBUG 10912 --- [ms-ejercicios] [main] org.hibernate.SQL                        : insert into ejercicio (cantidad_ejercicios,grupo_muscular) values (?,?)
2026-06-23T00:38:49.455-04:00 DEBUG 10912 --- [ms-ejercicios] [main] org.hibernate.SQL                        : insert into ejercicio (cantidad_ejercicios,grupo_muscular) values (?,?)
2026-06-23T00:38:49.456-04:00 DEBUG 10912 --- [ms-ejercicios] [main] org.hibernate.SQL                        : insert into ejercicio (cantidad_ejercicios,grupo_muscular) values (?,?)
2026-06-23T00:38:49.456-04:00 DEBUG 10912 --- [ms-ejercicios] [main] org.hibernate.SQL                        : insert into ejercicio (cantidad_ejercicios,grupo_muscular) values (?,?)
2026-06-23T00:38:49.457-04:00 DEBUG 10912 --- [ms-ejercicios] [main] org.hibernate.SQL                        : insert into ejercicio (cantidad_ejercicios,grupo_muscular) values (?,?)
2026-06-23T00:41:42.866-04:00  INFO 12104 --- [ms-entrenador] [AsyncResolver-bootstrap-executor-%d] c.n.d.s.r.aws.ConfigClusterResolver      : Resolving eureka endpoints via configuration
2026-06-23T00:43:49.081-04:00  INFO 10912 --- [ms-ejercicios] [AsyncResolver-bootstrap-executor-%d] c.n.d.s.r.aws.ConfigClusterResolver      : Resolving eureka endpoints via configuration
2026-06-23T00:46:42.867-04:00  INFO 12104 --- [ms-entrenador] [AsyncResolver-bootstrap-executor-%d] c.n.d.s.r.aws.ConfigClusterResolver      : Resolving eureka endpoints via configuration
2026-06-23T00:48:49.082-04:00  INFO 10912 --- [ms-ejercicios] [AsyncResolver-bootstrap-executor-%d] c.n.d.s.r.aws.ConfigClusterResolver      : Resolving eureka endpoints via configuration
2026-06-23T00:51:42.868-04:00  INFO 12104 --- [ms-entrenador] [AsyncResolver-bootstrap-executor-%d] c.n.d.s.r.aws.ConfigClusterResolver      : Resolving eureka endpoints via configuration
2026-06-23T00:51:53.959-04:00  INFO 12104 --- [ms-entrenador] [SpringApplicationShutdownHook] o.s.c.n.e.s.EurekaServiceRegistry        : Unregistering application MS-ENTRENADOR with eureka with status DOWN
2026-06-23T00:51:53.959-04:00  INFO 12104 --- [ms-entrenador] [SpringApplicationShutdownHook] com.netflix.discovery.DiscoveryClient    : Saw local status change event StatusChangeEvent [timestamp=1782190313959, current=DOWN, previous=UP]
2026-06-23T00:51:53.959-04:00  INFO 12104 --- [ms-entrenador] [DiscoveryClient-InstanceInfoReplicator-%d] com.netflix.discovery.DiscoveryClient    : DiscoveryClient_MS-ENTRENADOR/DESKTOP-NG6PCSR:ms-entrenador:8082: registering service...
2026-06-23T00:51:53.969-04:00  INFO 12104 --- [ms-entrenador] [DiscoveryClient-InstanceInfoReplicator-%d] com.netflix.discovery.DiscoveryClient    : DiscoveryClient_MS-ENTRENADOR/DESKTOP-NG6PCSR:ms-entrenador:8082 - registration status: 204
2026-06-23T00:51:53.970-04:00  INFO 12104 --- [ms-entrenador] [SpringApplicationShutdownHook] o.s.boot.tomcat.GracefulShutdown         : Commencing graceful shutdown. Waiting for active requests to complete
2026-06-23T00:51:53.980-04:00  INFO 12104 --- [ms-entrenador] [tomcat-shutdown] o.s.boot.tomcat.GracefulShutdown         : Graceful shutdown complete
2026-06-23T00:51:53.989-04:00  INFO 12104 --- [ms-entrenador] [SpringApplicationShutdownHook] j.LocalContainerEntityManagerFactoryBean : Closing JPA EntityManagerFactory for persistence unit 'default'
2026-06-23T00:51:53.993-04:00  INFO 12104 --- [ms-entrenador] [SpringApplicationShutdownHook] com.zaxxer.hikari.HikariDataSource       : HikariPool-1 - Shutdown initiated...
2026-06-23T00:51:53.992-04:00  INFO 10912 --- [ms-ejercicios] [SpringApplicationShutdownHook] o.s.c.n.e.s.EurekaServiceRegistry        : Unregistering application MS-EJERCICIOS with eureka with status DOWN
2026-06-23T00:51:53.994-04:00  INFO 10912 --- [ms-ejercicios] [SpringApplicationShutdownHook] com.netflix.discovery.DiscoveryClient    : Saw local status change event StatusChangeEvent [timestamp=1782190313994, current=DOWN, previous=UP]
2026-06-23T00:51:53.994-04:00  INFO 10912 --- [ms-ejercicios] [DiscoveryClient-InstanceInfoReplicator-%d] com.netflix.discovery.DiscoveryClient    : DiscoveryClient_MS-EJERCICIOS/DESKTOP-NG6PCSR:ms-ejercicios:8085: registering service...
2026-06-23T00:51:54.003-04:00  INFO 10912 --- [ms-ejercicios] [DiscoveryClient-InstanceInfoReplicator-%d] c.n.d.s.t.d.RedirectingEurekaHttpClient  : Request execution error. endpoint=DefaultEndpoint{ serviceUrl='http://localhost:8761/eureka/} exception=I/O error on POST request for "http://localhost:8761/eureka/apps/MS-EJERCICIOS": Connect to http://localhost:8761 failed: Connection refused: getsockopt stacktrace=org.springframework.web.client.ResourceAccessException: I/O error on POST request for "http://localhost:8761/eureka/apps/MS-EJERCICIOS": Connect to http://localhost:8761 failed: Connection refused: getsockopt
	at org.springframework.web.client.DefaultRestClient$DefaultRequestBodyUriSpec.createResourceAccessException(DefaultRestClient.java:779)
	at org.springframework.web.client.DefaultRestClient$DefaultRequestBodyUriSpec.exchangeInternal(DefaultRestClient.java:624)
	at org.springframework.web.client.DefaultRestClient$DefaultRequestBodyUriSpec.exchange(DefaultRestClient.java:572)
	at org.springframework.web.client.RestClient$RequestHeadersSpec.exchange(RestClient.java:747)
	at org.springframework.web.client.DefaultRestClient$DefaultResponseSpec.executeAndExtract(DefaultRestClient.java:924)
	at org.springframework.web.client.DefaultRestClient$DefaultResponseSpec.toBodilessEntity(DefaultRestClient.java:888)
	at org.springframework.cloud.netflix.eureka.http.RestClientEurekaHttpClient.register(RestClientEurekaHttpClient.java:64)
	at com.netflix.discovery.shared.transport.decorator.EurekaHttpClientDecorator$1.execute(EurekaHttpClientDecorator.java:59)
	at com.netflix.discovery.shared.transport.decorator.RedirectingEurekaHttpClient.execute(RedirectingEurekaHttpClient.java:91)
	at com.netflix.discovery.shared.transport.decorator.EurekaHttpClientDecorator.register(EurekaHttpClientDecorator.java:56)
	at com.netflix.discovery.shared.transport.decorator.EurekaHttpClientDecorator$1.execute(EurekaHttpClientDecorator.java:59)
	at com.netflix.discovery.shared.transport.decorator.RetryableEurekaHttpClient.execute(RetryableEurekaHttpClient.java:120)
	at com.netflix.discovery.shared.transport.decorator.EurekaHttpClientDecorator.register(EurekaHttpClientDecorator.java:56)
	at com.netflix.discovery.shared.transport.decorator.EurekaHttpClientDecorator$1.execute(EurekaHttpClientDecorator.java:59)
	at com.netflix.discovery.shared.transport.decorator.SessionedEurekaHttpClient.execute(SessionedEurekaHttpClient.java:76)
	at com.netflix.discovery.shared.transport.decorator.EurekaHttpClientDecorator.register(EurekaHttpClientDecorator.java:56)
	at com.netflix.discovery.DiscoveryClient.register(DiscoveryClient.java:828)
	at com.netflix.discovery.InstanceInfoReplicator.run(InstanceInfoReplicator.java:125)
	at com.netflix.discovery.InstanceInfoReplicator$2.run(InstanceInfoReplicator.java:105)
	at java.base/java.util.concurrent.Executors$RunnableAdapter.call(Executors.java:545)
	at java.base/java.util.concurrent.FutureTask.run(FutureTask.java:328)
	at java.base/java.util.concurrent.ScheduledThreadPoolExecutor$ScheduledFutureTask.run(ScheduledThreadPoolExecutor.java:309)
	at java.base/java.util.concurrent.ThreadPoolExecutor.runWorker(ThreadPoolExecutor.java:1090)
	at java.base/java.util.concurrent.ThreadPoolExecutor$Worker.run(ThreadPoolExecutor.java:614)
	at java.base/java.lang.Thread.run(Thread.java:1474)
Caused by: org.apache.hc.client5.http.HttpHostConnectException: Connect to http://localhost:8761 failed: Connection refused: getsockopt
	at java.base/sun.nio.ch.Net.pollConnect(Native Method)
	at java.base/sun.nio.ch.Net.pollConnectNow(Net.java:639)
	at java.base/sun.nio.ch.NioSocketImpl.timedFinishConnect(NioSocketImpl.java:543)
	at java.base/sun.nio.ch.NioSocketImpl.connect(NioSocketImpl.java:594)
	at java.base/java.net.SocksSocketImpl.connect(SocksSocketImpl.java:284)
	at java.base/java.net.Socket.connect(Socket.java:659)
	at org.apache.hc.client5.http.impl.io.DefaultHttpClientConnectionOperator.connect(DefaultHttpClientConnectionOperator.java:226)
	at org.apache.hc.client5.http.impl.io.PoolingHttpClientConnectionManager.connect(PoolingHttpClientConnectionManager.java:497)
	at org.apache.hc.client5.http.impl.classic.InternalExecRuntime.connectEndpoint(InternalExecRuntime.java:164)
	at org.apache.hc.client5.http.impl.classic.InternalExecRuntime.connectEndpoint(InternalExecRuntime.java:174)
	at org.apache.hc.client5.http.impl.classic.ConnectExec.execute(ConnectExec.java:144)
	at org.apache.hc.client5.http.impl.classic.ExecChainElement.execute(ExecChainElement.java:51)
	at org.apache.hc.client5.http.impl.classic.ProtocolExec.execute(ProtocolExec.java:195)
	at org.apache.hc.client5.http.impl.classic.ExecChainElement.execute(ExecChainElement.java:51)
	at org.apache.hc.client5.http.impl.classic.ContentCompressionExec.execute(ContentCompressionExec.java:168)
	at org.apache.hc.client5.http.impl.classic.ExecChainElement.execute(ExecChainElement.java:51)
	at org.apache.hc.client5.http.impl.classic.HttpRequestRetryExec.execute(HttpRequestRetryExec.java:112)
	at org.apache.hc.client5.http.impl.classic.ExecChainElement.execute(ExecChainElement.java:51)
	at org.apache.hc.client5.http.impl.classic.RedirectExec.execute(RedirectExec.java:110)
	at org.apache.hc.client5.http.impl.classic.ExecChainElement.execute(ExecChainElement.java:51)
	at org.apache.hc.client5.http.impl.classic.InternalHttpClient.doExecute(InternalHttpClient.java:185)
	at org.apache.hc.client5.http.impl.classic.CloseableHttpClient.execute(CloseableHttpClient.java:87)
	at org.apache.hc.client5.http.impl.classic.CloseableHttpClient.execute(CloseableHttpClient.java:55)
	at org.apache.hc.client5.http.classic.HttpClient.executeOpen(HttpClient.java:183)
	at org.springframework.http.client.HttpComponentsClientHttpRequest.executeInternal(HttpComponentsClientHttpRequest.java:99)
	at org.springframework.http.client.AbstractStreamingClientHttpRequest.executeInternal(AbstractStreamingClientHttpRequest.java:87)
	at org.springframework.http.client.AbstractClientHttpRequest.execute(AbstractClientHttpRequest.java:80)
	at org.springframework.http.client.AbstractBufferingClientHttpRequest.executeWithRequestAndBody(AbstractBufferingClientHttpRequest.java:89)
	at org.springframework.http.client.InterceptingClientHttpRequest$EndOfChainRequestExecution.execute(InterceptingClientHttpRequest.java:102)
	at org.springframework.cloud.netflix.eureka.http.RestClientTransportClientFactory.lambda$newClient$2(RestClientTransportClientFactory.java:98)
	at org.springframework.http.client.ClientHttpRequestInterceptor.lambda$apply$0(ClientHttpRequestInterceptor.java:89)
	at org.springframework.http.client.InterceptingClientHttpRequest.executeInternal(InterceptingClientHttpRequest.java:73)
	at org.springframework.http.client.AbstractBufferingClientHttpRequest.executeInternal(AbstractBufferingClientHttpRequest.java:50)
	at org.springframework.http.client.AbstractClientHttpRequest.execute(AbstractClientHttpRequest.java:80)
	at org.springframework.web.client.DefaultRestClient$DefaultRequestBodyUriSpec.exchangeInternal(DefaultRestClient.java:614)
	... 23 more

2026-06-23T00:51:54.003-04:00  WARN 10912 --- [ms-ejercicios] [DiscoveryClient-InstanceInfoReplicator-%d] c.n.d.s.t.d.RetryableEurekaHttpClient    : Request execution failed with message: I/O error on POST request for "http://localhost:8761/eureka/apps/MS-EJERCICIOS": Connect to http://localhost:8761 failed: Connection refused: getsockopt
2026-06-23T00:51:54.013-04:00  INFO 10912 --- [ms-ejercicios] [SpringApplicationShutdownHook] o.s.boot.tomcat.GracefulShutdown         : Commencing graceful shutdown. Waiting for active requests to complete
2026-06-23T00:51:54.015-04:00  INFO 12104 --- [ms-entrenador] [SpringApplicationShutdownHook] com.zaxxer.hikari.HikariDataSource       : HikariPool-1 - Shutdown completed.
2026-06-23T00:51:54.017-04:00  INFO 12104 --- [ms-entrenador] [SpringApplicationShutdownHook] com.netflix.discovery.DiscoveryClient    : Shutting down DiscoveryClient ...
2026-06-23T00:51:54.019-04:00  INFO 10912 --- [ms-ejercicios] [DiscoveryClient-InstanceInfoReplicator-%d] c.n.d.s.t.d.RedirectingEurekaHttpClient  : Request execution error. endpoint=DefaultEndpoint{ serviceUrl='http://localhost:8761/eureka/}, exception=I/O error on POST request for "http://localhost:8761/eureka/apps/MS-EJERCICIOS": Connect to http://localhost:8761 failed: Connection refused: getsockopt stacktrace=org.springframework.web.client.ResourceAccessException: I/O error on POST request for "http://localhost:8761/eureka/apps/MS-EJERCICIOS": Connect to http://localhost:8761 failed: Connection refused: getsockopt
	at org.springframework.web.client.DefaultRestClient$DefaultRequestBodyUriSpec.createResourceAccessException(DefaultRestClient.java:779)
	at org.springframework.web.client.DefaultRestClient$DefaultRequestBodyUriSpec.exchangeInternal(DefaultRestClient.java:624)
	at org.springframework.web.client.DefaultRestClient$DefaultRequestBodyUriSpec.exchange(DefaultRestClient.java:572)
	at org.springframework.web.client.RestClient$RequestHeadersSpec.exchange(RestClient.java:747)
	at org.springframework.web.client.DefaultRestClient$DefaultResponseSpec.executeAndExtract(DefaultRestClient.java:924)
	at org.springframework.web.client.DefaultRestClient$DefaultResponseSpec.toBodilessEntity(DefaultRestClient.java:888)
	at org.springframework.cloud.netflix.eureka.http.RestClientEurekaHttpClient.register(RestClientEurekaHttpClient.java:64)
	at com.netflix.discovery.shared.transport.decorator.EurekaHttpClientDecorator$1.execute(EurekaHttpClientDecorator.java:59)
	at com.netflix.discovery.shared.transport.decorator.RedirectingEurekaHttpClient.executeOnNewServer(RedirectingEurekaHttpClient.java:121)
	at com.netflix.discovery.shared.transport.decorator.RedirectingEurekaHttpClient.execute(RedirectingEurekaHttpClient.java:80)
	at com.netflix.discovery.shared.transport.decorator.EurekaHttpClientDecorator.register(EurekaHttpClientDecorator.java:56)
	at com.netflix.discovery.shared.transport.decorator.EurekaHttpClientDecorator$1.execute(EurekaHttpClientDecorator.java:59)
	at com.netflix.discovery.shared.transport.decorator.RetryableEurekaHttpClient.execute(RetryableEurekaHttpClient.java:120)
	at com.netflix.discovery.shared.transport.decorator.EurekaHttpClientDecorator.register(EurekaHttpClientDecorator.java:56)
	at com.netflix.discovery.shared.transport.decorator.EurekaHttpClientDecorator$1.execute(EurekaHttpClientDecorator.java:59)
	at com.netflix.discovery.shared.transport.decorator.SessionedEurekaHttpClient.execute(SessionedEurekaHttpClient.java:76)
	at com.netflix.discovery.shared.transport.decorator.EurekaHttpClientDecorator.register(EurekaHttpClientDecorator.java:56)
	at com.netflix.discovery.DiscoveryClient.register(DiscoveryClient.java:828)
	at com.netflix.discovery.InstanceInfoReplicator.run(InstanceInfoReplicator.java:125)
	at com.netflix.discovery.InstanceInfoReplicator$2.run(InstanceInfoReplicator.java:105)
	at java.base/java.util.concurrent.Executors$RunnableAdapter.call(Executors.java:545)
	at java.base/java.util.concurrent.FutureTask.run(FutureTask.java:328)
	at java.base/java.util.concurrent.ScheduledThreadPoolExecutor$ScheduledFutureTask.run(ScheduledThreadPoolExecutor.java:309)
	at java.base/java.util.concurrent.ThreadPoolExecutor.runWorker(ThreadPoolExecutor.java:1090)
	at java.base/java.util.concurrent.ThreadPoolExecutor$Worker.run(ThreadPoolExecutor.java:614)
	at java.base/java.lang.Thread.run(Thread.java:1474)
Caused by: org.apache.hc.client5.http.HttpHostConnectException: Connect to http://localhost:8761 failed: Connection refused: getsockopt
	at java.base/sun.nio.ch.Net.pollConnect(Native Method)
	at java.base/sun.nio.ch.Net.pollConnectNow(Net.java:639)
	at java.base/sun.nio.ch.NioSocketImpl.timedFinishConnect(NioSocketImpl.java:543)
	at java.base/sun.nio.ch.NioSocketImpl.connect(NioSocketImpl.java:594)
	at java.base/java.net.SocksSocketImpl.connect(SocksSocketImpl.java:284)
	at java.base/java.net.Socket.connect(Socket.java:659)
	at org.apache.hc.client5.http.impl.io.DefaultHttpClientConnectionOperator.connect(DefaultHttpClientConnectionOperator.java:226)
	at org.apache.hc.client5.http.impl.io.PoolingHttpClientConnectionManager.connect(PoolingHttpClientConnectionManager.java:497)
	at org.apache.hc.client5.http.impl.classic.InternalExecRuntime.connectEndpoint(InternalExecRuntime.java:164)
	at org.apache.hc.client5.http.impl.classic.InternalExecRuntime.connectEndpoint(InternalExecRuntime.java:174)
	at org.apache.hc.client5.http.impl.classic.ConnectExec.execute(ConnectExec.java:144)
	at org.apache.hc.client5.http.impl.classic.ExecChainElement.execute(ExecChainElement.java:51)
	at org.apache.hc.client5.http.impl.classic.ProtocolExec.execute(ProtocolExec.java:195)
	at org.apache.hc.client5.http.impl.classic.ExecChainElement.execute(ExecChainElement.java:51)
	at org.apache.hc.client5.http.impl.classic.ContentCompressionExec.execute(ContentCompressionExec.java:168)
	at org.apache.hc.client5.http.impl.classic.ExecChainElement.execute(ExecChainElement.java:51)
	at org.apache.hc.client5.http.impl.classic.HttpRequestRetryExec.execute(HttpRequestRetryExec.java:112)
	at org.apache.hc.client5.http.impl.classic.ExecChainElement.execute(ExecChainElement.java:51)
	at org.apache.hc.client5.http.impl.classic.RedirectExec.execute(RedirectExec.java:110)
	at org.apache.hc.client5.http.impl.classic.ExecChainElement.execute(ExecChainElement.java:51)
	at org.apache.hc.client5.http.impl.classic.InternalHttpClient.doExecute(InternalHttpClient.java:185)
	at org.apache.hc.client5.http.impl.classic.CloseableHttpClient.execute(CloseableHttpClient.java:87)
	at org.apache.hc.client5.http.impl.classic.CloseableHttpClient.execute(CloseableHttpClient.java:55)
	at org.apache.hc.client5.http.classic.HttpClient.executeOpen(HttpClient.java:183)
	at org.springframework.http.client.HttpComponentsClientHttpRequest.executeInternal(HttpComponentsClientHttpRequest.java:99)
	at org.springframework.http.client.AbstractStreamingClientHttpRequest.executeInternal(AbstractStreamingClientHttpRequest.java:87)
	at org.springframework.http.client.AbstractClientHttpRequest.execute(AbstractClientHttpRequest.java:80)
	at org.springframework.http.client.AbstractBufferingClientHttpRequest.executeWithRequestAndBody(AbstractBufferingClientHttpRequest.java:89)
	at org.springframework.http.client.InterceptingClientHttpRequest$EndOfChainRequestExecution.execute(InterceptingClientHttpRequest.java:102)
	at org.springframework.cloud.netflix.eureka.http.RestClientTransportClientFactory.lambda$newClient$2(RestClientTransportClientFactory.java:98)
	at org.springframework.http.client.ClientHttpRequestInterceptor.lambda$apply$0(ClientHttpRequestInterceptor.java:89)
	at org.springframework.http.client.InterceptingClientHttpRequest.executeInternal(InterceptingClientHttpRequest.java:73)
	at org.springframework.http.client.AbstractBufferingClientHttpRequest.executeInternal(AbstractBufferingClientHttpRequest.java:50)
	at org.springframework.http.client.AbstractClientHttpRequest.execute(AbstractClientHttpRequest.java:80)
	at org.springframework.web.client.DefaultRestClient$DefaultRequestBodyUriSpec.exchangeInternal(DefaultRestClient.java:614)
	... 24 more

2026-06-23T00:51:54.020-04:00  WARN 10912 --- [ms-ejercicios] [DiscoveryClient-InstanceInfoReplicator-%d] c.n.d.s.t.d.RetryableEurekaHttpClient    : Request execution failed with message: I/O error on POST request for "http://localhost:8761/eureka/apps/MS-EJERCICIOS": Connect to http://localhost:8761 failed: Connection refused: getsockopt
2026-06-23T00:51:54.023-04:00  INFO 10912 --- [ms-ejercicios] [tomcat-shutdown] o.s.boot.tomcat.GracefulShutdown         : Graceful shutdown complete
2026-06-23T00:51:54.020-04:00  WARN 10912 --- [ms-ejercicios] [DiscoveryClient-InstanceInfoReplicator-%d] com.netflix.discovery.DiscoveryClient    : DiscoveryClient_MS-EJERCICIOS/DESKTOP-NG6PCSR:ms-ejercicios:8085 - registration failed Cannot execute request on any known server

com.netflix.discovery.shared.transport.TransportException: Cannot execute request on any known server
	at com.netflix.discovery.shared.transport.decorator.RetryableEurekaHttpClient.execute(RetryableEurekaHttpClient.java:112) ~[eureka-client-2.0.5.jar:2.0.5]
	at com.netflix.discovery.shared.transport.decorator.EurekaHttpClientDecorator.register(EurekaHttpClientDecorator.java:56) ~[eureka-client-2.0.5.jar:2.0.5]
	at com.netflix.discovery.shared.transport.decorator.EurekaHttpClientDecorator$1.execute(EurekaHttpClientDecorator.java:59) ~[eureka-client-2.0.5.jar:2.0.5]
	at com.netflix.discovery.shared.transport.decorator.SessionedEurekaHttpClient.execute(SessionedEurekaHttpClient.java:76) ~[eureka-client-2.0.5.jar:2.0.5]
	at com.netflix.discovery.shared.transport.decorator.EurekaHttpClientDecorator.register(EurekaHttpClientDecorator.java:56) ~[eureka-client-2.0.5.jar:2.0.5]
	at com.netflix.discovery.DiscoveryClient.register(DiscoveryClient.java:828) ~[eureka-client-2.0.5.jar:2.0.5]
	at com.netflix.discovery.InstanceInfoReplicator.run(InstanceInfoReplicator.java:125) ~[eureka-client-2.0.5.jar:2.0.5]
	at com.netflix.discovery.InstanceInfoReplicator$2.run(InstanceInfoReplicator.java:105) ~[eureka-client-2.0.5.jar:2.0.5]
	at java.base/java.util.concurrent.Executors$RunnableAdapter.call(Executors.java:545) ~[na:na]
	at java.base/java.util.concurrent.FutureTask.run(FutureTask.java:328) ~[na:na]
	at java.base/java.util.concurrent.ScheduledThreadPoolExecutor$ScheduledFutureTask.run(ScheduledThreadPoolExecutor.java:309) ~[na:na]
	at java.base/java.util.concurrent.ThreadPoolExecutor.runWorker(ThreadPoolExecutor.java:1090) ~[na:na]
	at java.base/java.util.concurrent.ThreadPoolExecutor$Worker.run(ThreadPoolExecutor.java:614) ~[na:na]
	at java.base/java.lang.Thread.run(Thread.java:1474) ~[na:na]

2026-06-23T00:51:54.024-04:00  WARN 10912 --- [ms-ejercicios] [DiscoveryClient-InstanceInfoReplicator-%d] c.n.discovery.InstanceInfoReplicator     : There was a problem with the instance info replicator

com.netflix.discovery.shared.transport.TransportException: Cannot execute request on any known server
	at com.netflix.discovery.shared.transport.decorator.RetryableEurekaHttpClient.execute(RetryableEurekaHttpClient.java:112) ~[eureka-client-2.0.5.jar:2.0.5]
	at com.netflix.discovery.shared.transport.decorator.EurekaHttpClientDecorator.register(EurekaHttpClientDecorator.java:56) ~[eureka-client-2.0.5.jar:2.0.5]
	at com.netflix.discovery.shared.transport.decorator.EurekaHttpClientDecorator$1.execute(EurekaHttpClientDecorator.java:59) ~[eureka-client-2.0.5.jar:2.0.5]
	at com.netflix.discovery.shared.transport.decorator.SessionedEurekaHttpClient.execute(SessionedEurekaHttpClient.java:76) ~[eureka-client-2.0.5.jar:2.0.5]
	at com.netflix.discovery.shared.transport.decorator.EurekaHttpClientDecorator.register(EurekaHttpClientDecorator.java:56) ~[eureka-client-2.0.5.jar:2.0.5]
	at com.netflix.discovery.DiscoveryClient.register(DiscoveryClient.java:828) ~[eureka-client-2.0.5.jar:2.0.5]
	at com.netflix.discovery.InstanceInfoReplicator.run(InstanceInfoReplicator.java:125) ~[eureka-client-2.0.5.jar:2.0.5]
	at com.netflix.discovery.InstanceInfoReplicator$2.run(InstanceInfoReplicator.java:105) ~[eureka-client-2.0.5.jar:2.0.5]
	at java.base/java.util.concurrent.Executors$RunnableAdapter.call(Executors.java:545) ~[na:na]
	at java.base/java.util.concurrent.FutureTask.run(FutureTask.java:328) ~[na:na]
	at java.base/java.util.concurrent.ScheduledThreadPoolExecutor$ScheduledFutureTask.run(ScheduledThreadPoolExecutor.java:309) ~[na:na]
	at java.base/java.util.concurrent.ThreadPoolExecutor.runWorker(ThreadPoolExecutor.java:1090) ~[na:na]
	at java.base/java.util.concurrent.ThreadPoolExecutor$Worker.run(ThreadPoolExecutor.java:614) ~[na:na]
	at java.base/java.lang.Thread.run(Thread.java:1474) ~[na:na]

2026-06-23T00:51:54.029-04:00  INFO 10912 --- [ms-ejercicios] [SpringApplicationShutdownHook] j.LocalContainerEntityManagerFactoryBean : Closing JPA EntityManagerFactory for persistence unit 'default'
2026-06-23T00:51:54.031-04:00  INFO 10912 --- [ms-ejercicios] [SpringApplicationShutdownHook] com.zaxxer.hikari.HikariDataSource       : HikariPool-1 - Shutdown initiated...
2026-06-23T00:51:54.040-04:00  INFO 10912 --- [ms-ejercicios] [SpringApplicationShutdownHook] com.zaxxer.hikari.HikariDataSource       : HikariPool-1 - Shutdown completed.
2026-06-23T00:51:54.041-04:00  INFO 10912 --- [ms-ejercicios] [SpringApplicationShutdownHook] com.netflix.discovery.DiscoveryClient    : Shutting down DiscoveryClient ...
2026-06-23T00:51:57.018-04:00  INFO 12104 --- [ms-entrenador] [SpringApplicationShutdownHook] com.netflix.discovery.DiscoveryClient    : Unregistering ...
2026-06-23T00:51:57.026-04:00  INFO 12104 --- [ms-entrenador] [SpringApplicationShutdownHook] c.n.d.s.t.d.RedirectingEurekaHttpClient  : Request execution error. endpoint=DefaultEndpoint{ serviceUrl='http://localhost:8761/eureka/} exception=I/O error on DELETE request for "http://localhost:8761/eureka/apps/MS-ENTRENADOR/DESKTOP-NG6PCSR:ms-entrenador:8082": Connect to http://localhost:8761 failed: Connection refused: getsockopt stacktrace=org.springframework.web.client.ResourceAccessException: I/O error on DELETE request for "http://localhost:8761/eureka/apps/MS-ENTRENADOR/DESKTOP-NG6PCSR:ms-entrenador:8082": Connect to http://localhost:8761 failed: Connection refused: getsockopt
	at org.springframework.web.client.DefaultRestClient$DefaultRequestBodyUriSpec.createResourceAccessException(DefaultRestClient.java:779)
	at org.springframework.web.client.DefaultRestClient$DefaultRequestBodyUriSpec.exchangeInternal(DefaultRestClient.java:624)
	at org.springframework.web.client.DefaultRestClient$DefaultRequestBodyUriSpec.exchange(DefaultRestClient.java:572)
	at org.springframework.web.client.RestClient$RequestHeadersSpec.exchange(RestClient.java:747)
	at org.springframework.web.client.DefaultRestClient$DefaultResponseSpec.executeAndExtract(DefaultRestClient.java:924)
	at org.springframework.web.client.DefaultRestClient$DefaultResponseSpec.toBodilessEntity(DefaultRestClient.java:888)
	at org.springframework.cloud.netflix.eureka.http.RestClientEurekaHttpClient.cancel(RestClientEurekaHttpClient.java:73)
	at com.netflix.discovery.shared.transport.decorator.EurekaHttpClientDecorator$2.execute(EurekaHttpClientDecorator.java:74)
	at com.netflix.discovery.shared.transport.decorator.RedirectingEurekaHttpClient.execute(RedirectingEurekaHttpClient.java:91)
	at com.netflix.discovery.shared.transport.decorator.EurekaHttpClientDecorator.cancel(EurekaHttpClientDecorator.java:71)
	at com.netflix.discovery.shared.transport.decorator.EurekaHttpClientDecorator$2.execute(EurekaHttpClientDecorator.java:74)
	at com.netflix.discovery.shared.transport.decorator.RetryableEurekaHttpClient.execute(RetryableEurekaHttpClient.java:120)
	at com.netflix.discovery.shared.transport.decorator.EurekaHttpClientDecorator.cancel(EurekaHttpClientDecorator.java:71)
	at com.netflix.discovery.shared.transport.decorator.EurekaHttpClientDecorator$2.execute(EurekaHttpClientDecorator.java:74)
	at com.netflix.discovery.shared.transport.decorator.SessionedEurekaHttpClient.execute(SessionedEurekaHttpClient.java:76)
	at com.netflix.discovery.shared.transport.decorator.EurekaHttpClientDecorator.cancel(EurekaHttpClientDecorator.java:71)
	at com.netflix.discovery.DiscoveryClient.unregister(DiscoveryClient.java:919)
	at com.netflix.discovery.DiscoveryClient.shutdown(DiscoveryClient.java:900)
	at java.base/jdk.internal.reflect.DirectMethodHandleAccessor.invoke(DirectMethodHandleAccessor.java:104)
	at java.base/java.lang.reflect.Method.invoke(Method.java:565)
	at org.springframework.beans.factory.annotation.InitDestroyAnnotationBeanPostProcessor$LifecycleMethod.invoke(InitDestroyAnnotationBeanPostProcessor.java:453)
	at org.springframework.beans.factory.annotation.InitDestroyAnnotationBeanPostProcessor$LifecycleMetadata.invokeDestroyMethods(InitDestroyAnnotationBeanPostProcessor.java:411)
	at org.springframework.beans.factory.annotation.InitDestroyAnnotationBeanPostProcessor.postProcessBeforeDestruction(InitDestroyAnnotationBeanPostProcessor.java:237)
	at org.springframework.beans.factory.support.DisposableBeanAdapter.destroy(DisposableBeanAdapter.java:200)
	at org.springframework.beans.factory.support.DisposableBeanAdapter.run(DisposableBeanAdapter.java:193)
	at org.springframework.cloud.context.scope.GenericScope$BeanLifecycleWrapper.destroy(GenericScope.java:387)
	at org.springframework.cloud.context.scope.GenericScope.destroy(GenericScope.java:134)
	at org.springframework.beans.factory.support.DisposableBeanAdapter.destroy(DisposableBeanAdapter.java:209)
	at org.springframework.beans.factory.support.DefaultSingletonBeanRegistry.destroyBean(DefaultSingletonBeanRegistry.java:795)
	at org.springframework.beans.factory.support.DefaultSingletonBeanRegistry.destroySingleton(DefaultSingletonBeanRegistry.java:745)
	at org.springframework.beans.factory.support.DefaultListableBeanFactory.destroySingleton(DefaultListableBeanFactory.java:1500)
	at org.springframework.beans.factory.support.DefaultSingletonBeanRegistry.destroySingletons(DefaultSingletonBeanRegistry.java:704)
	at org.springframework.beans.factory.support.DefaultListableBeanFactory.destroySingletons(DefaultListableBeanFactory.java:1493)
	at org.springframework.context.support.AbstractApplicationContext.destroyBeans(AbstractApplicationContext.java:1246)
	at org.springframework.context.support.AbstractApplicationContext.doClose(AbstractApplicationContext.java:1207)
	at org.springframework.boot.web.server.servlet.context.ServletWebServerApplicationContext.doClose(ServletWebServerApplicationContext.java:176)
	at org.springframework.context.support.AbstractApplicationContext.close(AbstractApplicationContext.java:1153)
	at org.springframework.boot.SpringApplicationShutdownHook.closeAndWait(SpringApplicationShutdownHook.java:147)
	at java.base/java.lang.Iterable.forEach(Iterable.java:75)
	at org.springframework.boot.SpringApplicationShutdownHook.run(SpringApplicationShutdownHook.java:116)
	at java.base/java.lang.Thread.run(Thread.java:1474)
Caused by: org.apache.hc.client5.http.HttpHostConnectException: Connect to http://localhost:8761 failed: Connection refused: getsockopt
	at java.base/sun.nio.ch.Net.pollConnect(Native Method)
	at java.base/sun.nio.ch.Net.pollConnectNow(Net.java:639)
	at java.base/sun.nio.ch.NioSocketImpl.timedFinishConnect(NioSocketImpl.java:543)
	at java.base/sun.nio.ch.NioSocketImpl.connect(NioSocketImpl.java:594)
	at java.base/java.net.SocksSocketImpl.connect(SocksSocketImpl.java:284)
	at java.base/java.net.Socket.connect(Socket.java:659)
	at org.apache.hc.client5.http.impl.io.DefaultHttpClientConnectionOperator.connect(DefaultHttpClientConnectionOperator.java:226)
	at org.apache.hc.client5.http.impl.io.PoolingHttpClientConnectionManager.connect(PoolingHttpClientConnectionManager.java:497)
	at org.apache.hc.client5.http.impl.classic.InternalExecRuntime.connectEndpoint(InternalExecRuntime.java:164)
	at org.apache.hc.client5.http.impl.classic.InternalExecRuntime.connectEndpoint(InternalExecRuntime.java:174)
	at org.apache.hc.client5.http.impl.classic.ConnectExec.execute(ConnectExec.java:144)
	at org.apache.hc.client5.http.impl.classic.ExecChainElement.execute(ExecChainElement.java:51)
	at org.apache.hc.client5.http.impl.classic.ProtocolExec.execute(ProtocolExec.java:195)
	at org.apache.hc.client5.http.impl.classic.ExecChainElement.execute(ExecChainElement.java:51)
	at org.apache.hc.client5.http.impl.classic.ContentCompressionExec.execute(ContentCompressionExec.java:168)
	at org.apache.hc.client5.http.impl.classic.ExecChainElement.execute(ExecChainElement.java:51)
	at org.apache.hc.client5.http.impl.classic.HttpRequestRetryExec.execute(HttpRequestRetryExec.java:112)
	at org.apache.hc.client5.http.impl.classic.ExecChainElement.execute(ExecChainElement.java:51)
	at org.apache.hc.client5.http.impl.classic.RedirectExec.execute(RedirectExec.java:110)
	at org.apache.hc.client5.http.impl.classic.ExecChainElement.execute(ExecChainElement.java:51)
	at org.apache.hc.client5.http.impl.classic.InternalHttpClient.doExecute(InternalHttpClient.java:185)
	at org.apache.hc.client5.http.impl.classic.CloseableHttpClient.execute(CloseableHttpClient.java:87)
	at org.apache.hc.client5.http.impl.classic.CloseableHttpClient.execute(CloseableHttpClient.java:55)
	at org.apache.hc.client5.http.classic.HttpClient.executeOpen(HttpClient.java:183)
	at org.springframework.http.client.HttpComponentsClientHttpRequest.executeInternal(HttpComponentsClientHttpRequest.java:99)
	at org.springframework.http.client.AbstractStreamingClientHttpRequest.executeInternal(AbstractStreamingClientHttpRequest.java:87)
	at org.springframework.http.client.AbstractClientHttpRequest.execute(AbstractClientHttpRequest.java:80)
	at org.springframework.http.client.AbstractBufferingClientHttpRequest.executeWithRequestAndBody(AbstractBufferingClientHttpRequest.java:89)
	at org.springframework.http.client.InterceptingClientHttpRequest$EndOfChainRequestExecution.execute(InterceptingClientHttpRequest.java:102)
	at org.springframework.cloud.netflix.eureka.http.RestClientTransportClientFactory.lambda$newClient$2(RestClientTransportClientFactory.java:98)
	at org.springframework.http.client.ClientHttpRequestInterceptor.lambda$apply$0(ClientHttpRequestInterceptor.java:89)
	at org.springframework.http.client.InterceptingClientHttpRequest.executeInternal(InterceptingClientHttpRequest.java:73)
	at org.springframework.http.client.AbstractBufferingClientHttpRequest.executeInternal(AbstractBufferingClientHttpRequest.java:50)
	at org.springframework.http.client.AbstractClientHttpRequest.execute(AbstractClientHttpRequest.java:80)
	at org.springframework.web.client.DefaultRestClient$DefaultRequestBodyUriSpec.exchangeInternal(DefaultRestClient.java:614)
	... 39 more

2026-06-23T00:51:57.027-04:00  WARN 12104 --- [ms-entrenador] [SpringApplicationShutdownHook] c.n.d.s.t.d.RetryableEurekaHttpClient    : Request execution failed with message: I/O error on DELETE request for "http://localhost:8761/eureka/apps/MS-ENTRENADOR/DESKTOP-NG6PCSR:ms-entrenador:8082": Connect to http://localhost:8761 failed: Connection refused: getsockopt
2026-06-23T00:51:57.032-04:00  INFO 12104 --- [ms-entrenador] [SpringApplicationShutdownHook] c.n.d.s.t.d.RedirectingEurekaHttpClient  : Request execution error. endpoint=DefaultEndpoint{ serviceUrl='http://localhost:8761/eureka/}, exception=I/O error on DELETE request for "http://localhost:8761/eureka/apps/MS-ENTRENADOR/DESKTOP-NG6PCSR:ms-entrenador:8082": Connect to http://localhost:8761 failed: Connection refused: getsockopt stacktrace=org.springframework.web.client.ResourceAccessException: I/O error on DELETE request for "http://localhost:8761/eureka/apps/MS-ENTRENADOR/DESKTOP-NG6PCSR:ms-entrenador:8082": Connect to http://localhost:8761 failed: Connection refused: getsockopt
	at org.springframework.web.client.DefaultRestClient$DefaultRequestBodyUriSpec.createResourceAccessException(DefaultRestClient.java:779)
	at org.springframework.web.client.DefaultRestClient$DefaultRequestBodyUriSpec.exchangeInternal(DefaultRestClient.java:624)
	at org.springframework.web.client.DefaultRestClient$DefaultRequestBodyUriSpec.exchange(DefaultRestClient.java:572)
	at org.springframework.web.client.RestClient$RequestHeadersSpec.exchange(RestClient.java:747)
	at org.springframework.web.client.DefaultRestClient$DefaultResponseSpec.executeAndExtract(DefaultRestClient.java:924)
	at org.springframework.web.client.DefaultRestClient$DefaultResponseSpec.toBodilessEntity(DefaultRestClient.java:888)
	at org.springframework.cloud.netflix.eureka.http.RestClientEurekaHttpClient.cancel(RestClientEurekaHttpClient.java:73)
	at com.netflix.discovery.shared.transport.decorator.EurekaHttpClientDecorator$2.execute(EurekaHttpClientDecorator.java:74)
	at com.netflix.discovery.shared.transport.decorator.RedirectingEurekaHttpClient.executeOnNewServer(RedirectingEurekaHttpClient.java:121)
	at com.netflix.discovery.shared.transport.decorator.RedirectingEurekaHttpClient.execute(RedirectingEurekaHttpClient.java:80)
	at com.netflix.discovery.shared.transport.decorator.EurekaHttpClientDecorator.cancel(EurekaHttpClientDecorator.java:71)
	at com.netflix.discovery.shared.transport.decorator.EurekaHttpClientDecorator$2.execute(EurekaHttpClientDecorator.java:74)
	at com.netflix.discovery.shared.transport.decorator.RetryableEurekaHttpClient.execute(RetryableEurekaHttpClient.java:120)
	at com.netflix.discovery.shared.transport.decorator.EurekaHttpClientDecorator.cancel(EurekaHttpClientDecorator.java:71)
	at com.netflix.discovery.shared.transport.decorator.EurekaHttpClientDecorator$2.execute(EurekaHttpClientDecorator.java:74)
	at com.netflix.discovery.shared.transport.decorator.SessionedEurekaHttpClient.execute(SessionedEurekaHttpClient.java:76)
	at com.netflix.discovery.shared.transport.decorator.EurekaHttpClientDecorator.cancel(EurekaHttpClientDecorator.java:71)
	at com.netflix.discovery.DiscoveryClient.unregister(DiscoveryClient.java:919)
	at com.netflix.discovery.DiscoveryClient.shutdown(DiscoveryClient.java:900)
	at java.base/jdk.internal.reflect.DirectMethodHandleAccessor.invoke(DirectMethodHandleAccessor.java:104)
	at java.base/java.lang.reflect.Method.invoke(Method.java:565)
	at org.springframework.beans.factory.annotation.InitDestroyAnnotationBeanPostProcessor$LifecycleMethod.invoke(InitDestroyAnnotationBeanPostProcessor.java:453)
	at org.springframework.beans.factory.annotation.InitDestroyAnnotationBeanPostProcessor$LifecycleMetadata.invokeDestroyMethods(InitDestroyAnnotationBeanPostProcessor.java:411)
	at org.springframework.beans.factory.annotation.InitDestroyAnnotationBeanPostProcessor.postProcessBeforeDestruction(InitDestroyAnnotationBeanPostProcessor.java:237)
	at org.springframework.beans.factory.support.DisposableBeanAdapter.destroy(DisposableBeanAdapter.java:200)
	at org.springframework.beans.factory.support.DisposableBeanAdapter.run(DisposableBeanAdapter.java:193)
	at org.springframework.cloud.context.scope.GenericScope$BeanLifecycleWrapper.destroy(GenericScope.java:387)
	at org.springframework.cloud.context.scope.GenericScope.destroy(GenericScope.java:134)
	at org.springframework.beans.factory.support.DisposableBeanAdapter.destroy(DisposableBeanAdapter.java:209)
	at org.springframework.beans.factory.support.DefaultSingletonBeanRegistry.destroyBean(DefaultSingletonBeanRegistry.java:795)
	at org.springframework.beans.factory.support.DefaultSingletonBeanRegistry.destroySingleton(DefaultSingletonBeanRegistry.java:745)
	at org.springframework.beans.factory.support.DefaultListableBeanFactory.destroySingleton(DefaultListableBeanFactory.java:1500)
	at org.springframework.beans.factory.support.DefaultSingletonBeanRegistry.destroySingletons(DefaultSingletonBeanRegistry.java:704)
	at org.springframework.beans.factory.support.DefaultListableBeanFactory.destroySingletons(DefaultListableBeanFactory.java:1493)
	at org.springframework.context.support.AbstractApplicationContext.destroyBeans(AbstractApplicationContext.java:1246)
	at org.springframework.context.support.AbstractApplicationContext.doClose(AbstractApplicationContext.java:1207)
	at org.springframework.boot.web.server.servlet.context.ServletWebServerApplicationContext.doClose(ServletWebServerApplicationContext.java:176)
	at org.springframework.context.support.AbstractApplicationContext.close(AbstractApplicationContext.java:1153)
	at org.springframework.boot.SpringApplicationShutdownHook.closeAndWait(SpringApplicationShutdownHook.java:147)
	at java.base/java.lang.Iterable.forEach(Iterable.java:75)
	at org.springframework.boot.SpringApplicationShutdownHook.run(SpringApplicationShutdownHook.java:116)
	at java.base/java.lang.Thread.run(Thread.java:1474)
Caused by: org.apache.hc.client5.http.HttpHostConnectException: Connect to http://localhost:8761 failed: Connection refused: getsockopt
	at java.base/sun.nio.ch.Net.pollConnect(Native Method)
	at java.base/sun.nio.ch.Net.pollConnectNow(Net.java:639)
	at java.base/sun.nio.ch.NioSocketImpl.timedFinishConnect(NioSocketImpl.java:543)
	at java.base/sun.nio.ch.NioSocketImpl.connect(NioSocketImpl.java:594)
	at java.base/java.net.SocksSocketImpl.connect(SocksSocketImpl.java:284)
	at java.base/java.net.Socket.connect(Socket.java:659)
	at org.apache.hc.client5.http.impl.io.DefaultHttpClientConnectionOperator.connect(DefaultHttpClientConnectionOperator.java:226)
	at org.apache.hc.client5.http.impl.io.PoolingHttpClientConnectionManager.connect(PoolingHttpClientConnectionManager.java:497)
	at org.apache.hc.client5.http.impl.classic.InternalExecRuntime.connectEndpoint(InternalExecRuntime.java:164)
	at org.apache.hc.client5.http.impl.classic.InternalExecRuntime.connectEndpoint(InternalExecRuntime.java:174)
	at org.apache.hc.client5.http.impl.classic.ConnectExec.execute(ConnectExec.java:144)
	at org.apache.hc.client5.http.impl.classic.ExecChainElement.execute(ExecChainElement.java:51)
	at org.apache.hc.client5.http.impl.classic.ProtocolExec.execute(ProtocolExec.java:195)
	at org.apache.hc.client5.http.impl.classic.ExecChainElement.execute(ExecChainElement.java:51)
	at org.apache.hc.client5.http.impl.classic.ContentCompressionExec.execute(ContentCompressionExec.java:168)
	at org.apache.hc.client5.http.impl.classic.ExecChainElement.execute(ExecChainElement.java:51)
	at org.apache.hc.client5.http.impl.classic.HttpRequestRetryExec.execute(HttpRequestRetryExec.java:112)
	at org.apache.hc.client5.http.impl.classic.ExecChainElement.execute(ExecChainElement.java:51)
	at org.apache.hc.client5.http.impl.classic.RedirectExec.execute(RedirectExec.java:110)
	at org.apache.hc.client5.http.impl.classic.ExecChainElement.execute(ExecChainElement.java:51)
	at org.apache.hc.client5.http.impl.classic.InternalHttpClient.doExecute(InternalHttpClient.java:185)
	at org.apache.hc.client5.http.impl.classic.CloseableHttpClient.execute(CloseableHttpClient.java:87)
	at org.apache.hc.client5.http.impl.classic.CloseableHttpClient.execute(CloseableHttpClient.java:55)
	at org.apache.hc.client5.http.classic.HttpClient.executeOpen(HttpClient.java:183)
	at org.springframework.http.client.HttpComponentsClientHttpRequest.executeInternal(HttpComponentsClientHttpRequest.java:99)
	at org.springframework.http.client.AbstractStreamingClientHttpRequest.executeInternal(AbstractStreamingClientHttpRequest.java:87)
	at org.springframework.http.client.AbstractClientHttpRequest.execute(AbstractClientHttpRequest.java:80)
	at org.springframework.http.client.AbstractBufferingClientHttpRequest.executeWithRequestAndBody(AbstractBufferingClientHttpRequest.java:89)
	at org.springframework.http.client.InterceptingClientHttpRequest$EndOfChainRequestExecution.execute(InterceptingClientHttpRequest.java:102)
	at org.springframework.cloud.netflix.eureka.http.RestClientTransportClientFactory.lambda$newClient$2(RestClientTransportClientFactory.java:98)
	at org.springframework.http.client.ClientHttpRequestInterceptor.lambda$apply$0(ClientHttpRequestInterceptor.java:89)
	at org.springframework.http.client.InterceptingClientHttpRequest.executeInternal(InterceptingClientHttpRequest.java:73)
	at org.springframework.http.client.AbstractBufferingClientHttpRequest.executeInternal(AbstractBufferingClientHttpRequest.java:50)
	at org.springframework.http.client.AbstractClientHttpRequest.execute(AbstractClientHttpRequest.java:80)
	at org.springframework.web.client.DefaultRestClient$DefaultRequestBodyUriSpec.exchangeInternal(DefaultRestClient.java:614)
	... 40 more

2026-06-23T00:51:57.033-04:00  WARN 12104 --- [ms-entrenador] [SpringApplicationShutdownHook] c.n.d.s.t.d.RetryableEurekaHttpClient    : Request execution failed with message: I/O error on DELETE request for "http://localhost:8761/eureka/apps/MS-ENTRENADOR/DESKTOP-NG6PCSR:ms-entrenador:8082": Connect to http://localhost:8761 failed: Connection refused: getsockopt
2026-06-23T00:51:57.033-04:00 ERROR 12104 --- [ms-entrenador] [SpringApplicationShutdownHook] com.netflix.discovery.DiscoveryClient    : DiscoveryClient_MS-ENTRENADOR/DESKTOP-NG6PCSR:ms-entrenador:8082 - de-registration failedCannot execute request on any known server

com.netflix.discovery.shared.transport.TransportException: Cannot execute request on any known server
	at com.netflix.discovery.shared.transport.decorator.RetryableEurekaHttpClient.execute(RetryableEurekaHttpClient.java:112) ~[eureka-client-2.0.5.jar:2.0.5]
	at com.netflix.discovery.shared.transport.decorator.EurekaHttpClientDecorator.cancel(EurekaHttpClientDecorator.java:71) ~[eureka-client-2.0.5.jar:2.0.5]
	at com.netflix.discovery.shared.transport.decorator.EurekaHttpClientDecorator$2.execute(EurekaHttpClientDecorator.java:74) ~[eureka-client-2.0.5.jar:2.0.5]
	at com.netflix.discovery.shared.transport.decorator.SessionedEurekaHttpClient.execute(SessionedEurekaHttpClient.java:76) ~[eureka-client-2.0.5.jar:2.0.5]
	at com.netflix.discovery.shared.transport.decorator.EurekaHttpClientDecorator.cancel(EurekaHttpClientDecorator.java:71) ~[eureka-client-2.0.5.jar:2.0.5]
	at com.netflix.discovery.DiscoveryClient.unregister(DiscoveryClient.java:919) ~[eureka-client-2.0.5.jar:2.0.5]
	at com.netflix.discovery.DiscoveryClient.shutdown(DiscoveryClient.java:900) ~[eureka-client-2.0.5.jar:2.0.5]
	at java.base/jdk.internal.reflect.DirectMethodHandleAccessor.invoke(DirectMethodHandleAccessor.java:104) ~[na:na]
	at java.base/java.lang.reflect.Method.invoke(Method.java:565) ~[na:na]
	at org.springframework.beans.factory.annotation.InitDestroyAnnotationBeanPostProcessor$LifecycleMethod.invoke(InitDestroyAnnotationBeanPostProcessor.java:453) ~[spring-beans-7.0.7.jar:7.0.7]
	at org.springframework.beans.factory.annotation.InitDestroyAnnotationBeanPostProcessor$LifecycleMetadata.invokeDestroyMethods(InitDestroyAnnotationBeanPostProcessor.java:411) ~[spring-beans-7.0.7.jar:7.0.7]
	at org.springframework.beans.factory.annotation.InitDestroyAnnotationBeanPostProcessor.postProcessBeforeDestruction(InitDestroyAnnotationBeanPostProcessor.java:237) ~[spring-beans-7.0.7.jar:7.0.7]
	at org.springframework.beans.factory.support.DisposableBeanAdapter.destroy(DisposableBeanAdapter.java:200) ~[spring-beans-7.0.7.jar:7.0.7]
	at org.springframework.beans.factory.support.DisposableBeanAdapter.run(DisposableBeanAdapter.java:193) ~[spring-beans-7.0.7.jar:7.0.7]
	at org.springframework.cloud.context.scope.GenericScope$BeanLifecycleWrapper.destroy(GenericScope.java:387) ~[spring-cloud-context-5.0.1.jar:5.0.1]
	at org.springframework.cloud.context.scope.GenericScope.destroy(GenericScope.java:134) ~[spring-cloud-context-5.0.1.jar:5.0.1]
	at org.springframework.beans.factory.support.DisposableBeanAdapter.destroy(DisposableBeanAdapter.java:209) ~[spring-beans-7.0.7.jar:7.0.7]
	at org.springframework.beans.factory.support.DefaultSingletonBeanRegistry.destroyBean(DefaultSingletonBeanRegistry.java:795) ~[spring-beans-7.0.7.jar:7.0.7]
	at org.springframework.beans.factory.support.DefaultSingletonBeanRegistry.destroySingleton(DefaultSingletonBeanRegistry.java:745) ~[spring-beans-7.0.7.jar:7.0.7]
	at org.springframework.beans.factory.support.DefaultListableBeanFactory.destroySingleton(DefaultListableBeanFactory.java:1500) ~[spring-beans-7.0.7.jar:7.0.7]
	at org.springframework.beans.factory.support.DefaultSingletonBeanRegistry.destroySingletons(DefaultSingletonBeanRegistry.java:704) ~[spring-beans-7.0.7.jar:7.0.7]
	at org.springframework.beans.factory.support.DefaultListableBeanFactory.destroySingletons(DefaultListableBeanFactory.java:1493) ~[spring-beans-7.0.7.jar:7.0.7]
	at org.springframework.context.support.AbstractApplicationContext.destroyBeans(AbstractApplicationContext.java:1246) ~[spring-context-7.0.7.jar:7.0.7]
	at org.springframework.context.support.AbstractApplicationContext.doClose(AbstractApplicationContext.java:1207) ~[spring-context-7.0.7.jar:7.0.7]
	at org.springframework.boot.web.server.servlet.context.ServletWebServerApplicationContext.doClose(ServletWebServerApplicationContext.java:176) ~[spring-boot-web-server-4.0.6.jar:4.0.6]
	at org.springframework.context.support.AbstractApplicationContext.close(AbstractApplicationContext.java:1153) ~[spring-context-7.0.7.jar:7.0.7]
	at org.springframework.boot.SpringApplicationShutdownHook.closeAndWait(SpringApplicationShutdownHook.java:147) ~[spring-boot-4.0.6.jar:4.0.6]
	at java.base/java.lang.Iterable.forEach(Iterable.java:75) ~[na:na]
	at org.springframework.boot.SpringApplicationShutdownHook.run(SpringApplicationShutdownHook.java:116) ~[spring-boot-4.0.6.jar:4.0.6]
	at java.base/java.lang.Thread.run(Thread.java:1474) ~[na:na]

2026-06-23T00:51:57.037-04:00  INFO 12104 --- [ms-entrenador] [SpringApplicationShutdownHook] com.netflix.discovery.DiscoveryClient    : Completed shut down of DiscoveryClient
2026-06-23T00:51:57.044-04:00  INFO 10912 --- [ms-ejercicios] [SpringApplicationShutdownHook] com.netflix.discovery.DiscoveryClient    : Unregistering ...
2026-06-23T00:51:57.051-04:00  INFO 10912 --- [ms-ejercicios] [SpringApplicationShutdownHook] c.n.d.s.t.d.RedirectingEurekaHttpClient  : Request execution error. endpoint=DefaultEndpoint{ serviceUrl='http://localhost:8761/eureka/}, exception=I/O error on DELETE request for "http://localhost:8761/eureka/apps/MS-EJERCICIOS/DESKTOP-NG6PCSR:ms-ejercicios:8085": Connect to http://localhost:8761 failed: Connection refused: getsockopt stacktrace=org.springframework.web.client.ResourceAccessException: I/O error on DELETE request for "http://localhost:8761/eureka/apps/MS-EJERCICIOS/DESKTOP-NG6PCSR:ms-ejercicios:8085": Connect to http://localhost:8761 failed: Connection refused: getsockopt
	at org.springframework.web.client.DefaultRestClient$DefaultRequestBodyUriSpec.createResourceAccessException(DefaultRestClient.java:779)
	at org.springframework.web.client.DefaultRestClient$DefaultRequestBodyUriSpec.exchangeInternal(DefaultRestClient.java:624)
	at org.springframework.web.client.DefaultRestClient$DefaultRequestBodyUriSpec.exchange(DefaultRestClient.java:572)
	at org.springframework.web.client.RestClient$RequestHeadersSpec.exchange(RestClient.java:747)
	at org.springframework.web.client.DefaultRestClient$DefaultResponseSpec.executeAndExtract(DefaultRestClient.java:924)
	at org.springframework.web.client.DefaultRestClient$DefaultResponseSpec.toBodilessEntity(DefaultRestClient.java:888)
	at org.springframework.cloud.netflix.eureka.http.RestClientEurekaHttpClient.cancel(RestClientEurekaHttpClient.java:73)
	at com.netflix.discovery.shared.transport.decorator.EurekaHttpClientDecorator$2.execute(EurekaHttpClientDecorator.java:74)
	at com.netflix.discovery.shared.transport.decorator.RedirectingEurekaHttpClient.executeOnNewServer(RedirectingEurekaHttpClient.java:121)
	at com.netflix.discovery.shared.transport.decorator.RedirectingEurekaHttpClient.execute(RedirectingEurekaHttpClient.java:80)
	at com.netflix.discovery.shared.transport.decorator.EurekaHttpClientDecorator.cancel(EurekaHttpClientDecorator.java:71)
	at com.netflix.discovery.shared.transport.decorator.EurekaHttpClientDecorator$2.execute(EurekaHttpClientDecorator.java:74)
	at com.netflix.discovery.shared.transport.decorator.RetryableEurekaHttpClient.execute(RetryableEurekaHttpClient.java:120)
	at com.netflix.discovery.shared.transport.decorator.EurekaHttpClientDecorator.cancel(EurekaHttpClientDecorator.java:71)
	at com.netflix.discovery.shared.transport.decorator.EurekaHttpClientDecorator$2.execute(EurekaHttpClientDecorator.java:74)
	at com.netflix.discovery.shared.transport.decorator.SessionedEurekaHttpClient.execute(SessionedEurekaHttpClient.java:76)
	at com.netflix.discovery.shared.transport.decorator.EurekaHttpClientDecorator.cancel(EurekaHttpClientDecorator.java:71)
	at com.netflix.discovery.DiscoveryClient.unregister(DiscoveryClient.java:919)
	at com.netflix.discovery.DiscoveryClient.shutdown(DiscoveryClient.java:900)
	at java.base/jdk.internal.reflect.DirectMethodHandleAccessor.invoke(DirectMethodHandleAccessor.java:104)
	at java.base/java.lang.reflect.Method.invoke(Method.java:565)
	at org.springframework.beans.factory.annotation.InitDestroyAnnotationBeanPostProcessor$LifecycleMethod.invoke(InitDestroyAnnotationBeanPostProcessor.java:453)
	at org.springframework.beans.factory.annotation.InitDestroyAnnotationBeanPostProcessor$LifecycleMetadata.invokeDestroyMethods(InitDestroyAnnotationBeanPostProcessor.java:411)
	at org.springframework.beans.factory.annotation.InitDestroyAnnotationBeanPostProcessor.postProcessBeforeDestruction(InitDestroyAnnotationBeanPostProcessor.java:237)
	at org.springframework.beans.factory.support.DisposableBeanAdapter.destroy(DisposableBeanAdapter.java:200)
	at org.springframework.beans.factory.support.DisposableBeanAdapter.run(DisposableBeanAdapter.java:193)
	at org.springframework.cloud.context.scope.GenericScope$BeanLifecycleWrapper.destroy(GenericScope.java:387)
	at org.springframework.cloud.context.scope.GenericScope.destroy(GenericScope.java:134)
	at org.springframework.beans.factory.support.DisposableBeanAdapter.destroy(DisposableBeanAdapter.java:209)
	at org.springframework.beans.factory.support.DefaultSingletonBeanRegistry.destroyBean(DefaultSingletonBeanRegistry.java:795)
	at org.springframework.beans.factory.support.DefaultSingletonBeanRegistry.destroySingleton(DefaultSingletonBeanRegistry.java:745)
	at org.springframework.beans.factory.support.DefaultListableBeanFactory.destroySingleton(DefaultListableBeanFactory.java:1500)
	at org.springframework.beans.factory.support.DefaultSingletonBeanRegistry.destroySingletons(DefaultSingletonBeanRegistry.java:704)
	at org.springframework.beans.factory.support.DefaultListableBeanFactory.destroySingletons(DefaultListableBeanFactory.java:1493)
	at org.springframework.context.support.AbstractApplicationContext.destroyBeans(AbstractApplicationContext.java:1246)
	at org.springframework.context.support.AbstractApplicationContext.doClose(AbstractApplicationContext.java:1207)
	at org.springframework.boot.web.server.servlet.context.ServletWebServerApplicationContext.doClose(ServletWebServerApplicationContext.java:176)
	at org.springframework.context.support.AbstractApplicationContext.close(AbstractApplicationContext.java:1153)
	at org.springframework.boot.SpringApplicationShutdownHook.closeAndWait(SpringApplicationShutdownHook.java:147)
	at java.base/java.lang.Iterable.forEach(Iterable.java:75)
	at org.springframework.boot.SpringApplicationShutdownHook.run(SpringApplicationShutdownHook.java:116)
	at java.base/java.lang.Thread.run(Thread.java:1474)
Caused by: org.apache.hc.client5.http.HttpHostConnectException: Connect to http://localhost:8761 failed: Connection refused: getsockopt
	at java.base/sun.nio.ch.Net.pollConnect(Native Method)
	at java.base/sun.nio.ch.Net.pollConnectNow(Net.java:639)
	at java.base/sun.nio.ch.NioSocketImpl.timedFinishConnect(NioSocketImpl.java:543)
	at java.base/sun.nio.ch.NioSocketImpl.connect(NioSocketImpl.java:594)
	at java.base/java.net.SocksSocketImpl.connect(SocksSocketImpl.java:284)
	at java.base/java.net.Socket.connect(Socket.java:659)
	at org.apache.hc.client5.http.impl.io.DefaultHttpClientConnectionOperator.connect(DefaultHttpClientConnectionOperator.java:226)
	at org.apache.hc.client5.http.impl.io.PoolingHttpClientConnectionManager.connect(PoolingHttpClientConnectionManager.java:497)
	at org.apache.hc.client5.http.impl.classic.InternalExecRuntime.connectEndpoint(InternalExecRuntime.java:164)
	at org.apache.hc.client5.http.impl.classic.InternalExecRuntime.connectEndpoint(InternalExecRuntime.java:174)
	at org.apache.hc.client5.http.impl.classic.ConnectExec.execute(ConnectExec.java:144)
	at org.apache.hc.client5.http.impl.classic.ExecChainElement.execute(ExecChainElement.java:51)
	at org.apache.hc.client5.http.impl.classic.ProtocolExec.execute(ProtocolExec.java:195)
	at org.apache.hc.client5.http.impl.classic.ExecChainElement.execute(ExecChainElement.java:51)
	at org.apache.hc.client5.http.impl.classic.ContentCompressionExec.execute(ContentCompressionExec.java:168)
	at org.apache.hc.client5.http.impl.classic.ExecChainElement.execute(ExecChainElement.java:51)
	at org.apache.hc.client5.http.impl.classic.HttpRequestRetryExec.execute(HttpRequestRetryExec.java:112)
	at org.apache.hc.client5.http.impl.classic.ExecChainElement.execute(ExecChainElement.java:51)
	at org.apache.hc.client5.http.impl.classic.RedirectExec.execute(RedirectExec.java:110)
	at org.apache.hc.client5.http.impl.classic.ExecChainElement.execute(ExecChainElement.java:51)
	at org.apache.hc.client5.http.impl.classic.InternalHttpClient.doExecute(InternalHttpClient.java:185)
	at org.apache.hc.client5.http.impl.classic.CloseableHttpClient.execute(CloseableHttpClient.java:87)
	at org.apache.hc.client5.http.impl.classic.CloseableHttpClient.execute(CloseableHttpClient.java:55)
	at org.apache.hc.client5.http.classic.HttpClient.executeOpen(HttpClient.java:183)
	at org.springframework.http.client.HttpComponentsClientHttpRequest.executeInternal(HttpComponentsClientHttpRequest.java:99)
	at org.springframework.http.client.AbstractStreamingClientHttpRequest.executeInternal(AbstractStreamingClientHttpRequest.java:87)
	at org.springframework.http.client.AbstractClientHttpRequest.execute(AbstractClientHttpRequest.java:80)
	at org.springframework.http.client.AbstractBufferingClientHttpRequest.executeWithRequestAndBody(AbstractBufferingClientHttpRequest.java:89)
	at org.springframework.http.client.InterceptingClientHttpRequest$EndOfChainRequestExecution.execute(InterceptingClientHttpRequest.java:102)
	at org.springframework.cloud.netflix.eureka.http.RestClientTransportClientFactory.lambda$newClient$2(RestClientTransportClientFactory.java:98)
	at org.springframework.http.client.ClientHttpRequestInterceptor.lambda$apply$0(ClientHttpRequestInterceptor.java:89)
	at org.springframework.http.client.InterceptingClientHttpRequest.executeInternal(InterceptingClientHttpRequest.java:73)
	at org.springframework.http.client.AbstractBufferingClientHttpRequest.executeInternal(AbstractBufferingClientHttpRequest.java:50)
	at org.springframework.http.client.AbstractClientHttpRequest.execute(AbstractClientHttpRequest.java:80)
	at org.springframework.web.client.DefaultRestClient$DefaultRequestBodyUriSpec.exchangeInternal(DefaultRestClient.java:614)
	... 40 more

2026-06-23T00:51:57.051-04:00  WARN 10912 --- [ms-ejercicios] [SpringApplicationShutdownHook] c.n.d.s.t.d.RetryableEurekaHttpClient    : Request execution failed with message: I/O error on DELETE request for "http://localhost:8761/eureka/apps/MS-EJERCICIOS/DESKTOP-NG6PCSR:ms-ejercicios:8085": Connect to http://localhost:8761 failed: Connection refused: getsockopt
2026-06-23T00:51:57.052-04:00 ERROR 10912 --- [ms-ejercicios] [SpringApplicationShutdownHook] com.netflix.discovery.DiscoveryClient    : DiscoveryClient_MS-EJERCICIOS/DESKTOP-NG6PCSR:ms-ejercicios:8085 - de-registration failedCannot execute request on any known server

com.netflix.discovery.shared.transport.TransportException: Cannot execute request on any known server
	at com.netflix.discovery.shared.transport.decorator.RetryableEurekaHttpClient.execute(RetryableEurekaHttpClient.java:112) ~[eureka-client-2.0.5.jar:2.0.5]
	at com.netflix.discovery.shared.transport.decorator.EurekaHttpClientDecorator.cancel(EurekaHttpClientDecorator.java:71) ~[eureka-client-2.0.5.jar:2.0.5]
	at com.netflix.discovery.shared.transport.decorator.EurekaHttpClientDecorator$2.execute(EurekaHttpClientDecorator.java:74) ~[eureka-client-2.0.5.jar:2.0.5]
	at com.netflix.discovery.shared.transport.decorator.SessionedEurekaHttpClient.execute(SessionedEurekaHttpClient.java:76) ~[eureka-client-2.0.5.jar:2.0.5]
	at com.netflix.discovery.shared.transport.decorator.EurekaHttpClientDecorator.cancel(EurekaHttpClientDecorator.java:71) ~[eureka-client-2.0.5.jar:2.0.5]
	at com.netflix.discovery.DiscoveryClient.unregister(DiscoveryClient.java:919) ~[eureka-client-2.0.5.jar:2.0.5]
	at com.netflix.discovery.DiscoveryClient.shutdown(DiscoveryClient.java:900) ~[eureka-client-2.0.5.jar:2.0.5]
	at java.base/jdk.internal.reflect.DirectMethodHandleAccessor.invoke(DirectMethodHandleAccessor.java:104) ~[na:na]
	at java.base/java.lang.reflect.Method.invoke(Method.java:565) ~[na:na]
	at org.springframework.beans.factory.annotation.InitDestroyAnnotationBeanPostProcessor$LifecycleMethod.invoke(InitDestroyAnnotationBeanPostProcessor.java:453) ~[spring-beans-7.0.7.jar:7.0.7]
	at org.springframework.beans.factory.annotation.InitDestroyAnnotationBeanPostProcessor$LifecycleMetadata.invokeDestroyMethods(InitDestroyAnnotationBeanPostProcessor.java:411) ~[spring-beans-7.0.7.jar:7.0.7]
	at org.springframework.beans.factory.annotation.InitDestroyAnnotationBeanPostProcessor.postProcessBeforeDestruction(InitDestroyAnnotationBeanPostProcessor.java:237) ~[spring-beans-7.0.7.jar:7.0.7]
	at org.springframework.beans.factory.support.DisposableBeanAdapter.destroy(DisposableBeanAdapter.java:200) ~[spring-beans-7.0.7.jar:7.0.7]
	at org.springframework.beans.factory.support.DisposableBeanAdapter.run(DisposableBeanAdapter.java:193) ~[spring-beans-7.0.7.jar:7.0.7]
	at org.springframework.cloud.context.scope.GenericScope$BeanLifecycleWrapper.destroy(GenericScope.java:387) ~[spring-cloud-context-5.0.1.jar:5.0.1]
	at org.springframework.cloud.context.scope.GenericScope.destroy(GenericScope.java:134) ~[spring-cloud-context-5.0.1.jar:5.0.1]
	at org.springframework.beans.factory.support.DisposableBeanAdapter.destroy(DisposableBeanAdapter.java:209) ~[spring-beans-7.0.7.jar:7.0.7]
	at org.springframework.beans.factory.support.DefaultSingletonBeanRegistry.destroyBean(DefaultSingletonBeanRegistry.java:795) ~[spring-beans-7.0.7.jar:7.0.7]
	at org.springframework.beans.factory.support.DefaultSingletonBeanRegistry.destroySingleton(DefaultSingletonBeanRegistry.java:745) ~[spring-beans-7.0.7.jar:7.0.7]
	at org.springframework.beans.factory.support.DefaultListableBeanFactory.destroySingleton(DefaultListableBeanFactory.java:1500) ~[spring-beans-7.0.7.jar:7.0.7]
	at org.springframework.beans.factory.support.DefaultSingletonBeanRegistry.destroySingletons(DefaultSingletonBeanRegistry.java:704) ~[spring-beans-7.0.7.jar:7.0.7]
	at org.springframework.beans.factory.support.DefaultListableBeanFactory.destroySingletons(DefaultListableBeanFactory.java:1493) ~[spring-beans-7.0.7.jar:7.0.7]
	at org.springframework.context.support.AbstractApplicationContext.destroyBeans(AbstractApplicationContext.java:1246) ~[spring-context-7.0.7.jar:7.0.7]
	at org.springframework.context.support.AbstractApplicationContext.doClose(AbstractApplicationContext.java:1207) ~[spring-context-7.0.7.jar:7.0.7]
	at org.springframework.boot.web.server.servlet.context.ServletWebServerApplicationContext.doClose(ServletWebServerApplicationContext.java:176) ~[spring-boot-web-server-4.0.6.jar:4.0.6]
	at org.springframework.context.support.AbstractApplicationContext.close(AbstractApplicationContext.java:1153) ~[spring-context-7.0.7.jar:7.0.7]
	at org.springframework.boot.SpringApplicationShutdownHook.closeAndWait(SpringApplicationShutdownHook.java:147) ~[spring-boot-4.0.6.jar:4.0.6]
	at java.base/java.lang.Iterable.forEach(Iterable.java:75) ~[na:na]
	at org.springframework.boot.SpringApplicationShutdownHook.run(SpringApplicationShutdownHook.java:116) ~[spring-boot-4.0.6.jar:4.0.6]
	at java.base/java.lang.Thread.run(Thread.java:1474) ~[na:na]

2026-06-23T00:51:57.052-04:00  INFO 10912 --- [ms-ejercicios] [SpringApplicationShutdownHook] com.netflix.discovery.DiscoveryClient    : Completed shut down of DiscoveryClient
